,Address,Street,Neighborhood,City,Latitude,Longitude
0,"Rua Ministro Nélson Hungria, Real Parque, São Paulo",Rua Ministro Nelson Hungria, Carapicuíba, São Paulo,-23.5722228,-46.8254858
1,"Rua Ministro Nélson Hungria, Real Parque, São Paulo","Rua Ministro Nélson Hungria, Real Parque, São Paulo",Error time out,Error time out,Error time out,Error time out
2,"Rua Ministro Nelson Hungria, Real Parque, São Paulo",Rua Ministro Nelson Hungria, Carapicuíba, São Paulo,-23.5722228,-46.8254858
3,"Rua César Vallejo, Real Parque, São Paulo",Rua César Vallejo, Morumbi, São Paulo,-23.6067336,-46.7018308
4,"Avenida Barão de Campos Gerais, Morumbi, São Paulo",Avenida Barão de Campos Gerais, Morumbi, São Paulo,-23.6062686,-46.7045358
7,"Rua Viena, Sacomã, São Paulo",Rua Viena, Sacomã, São Paulo,-23.61332,-46.5996137
8,"Rua Alencar Araripe, Sacomã, São Paulo",Rua Alencar Araripe, Sacomã, São Paulo,-23.6138632,-46.5970802
10,"Rua Marquês de Maricá, Sacomã, São Paulo",Rua Marques de Marica, Sacomã, São Paulo,-23.6139964,-46.5982073
11,"Rua Salvador Pedroso, Sacomã, São Paulo",Rua Salvador Pedroso, Sacomã, São Paulo,-23.6180127,-46.5976086
12,"Rua São Vicente de Paulo, Santa Cecília, São Paulo",Rua São Vicente de Paulo, Santa Cecília, São Paulo,-23.5394517,-46.656703
13,"Rua Baronesa de Itu, Santa Cecília, São Paulo",Rua Baronesa de Itu, Santa Cecília, São Paulo,-23.5391932,-46.6580478
14,"Rua Dona Veridiana, Santa Cecília, São Paulo",Rua Dona Veridiana, Santa Cecília, São Paulo,-23.5419922,-46.6510318
15,"Rua Tupi, Santa Cecília, São Paulo",Rua Tupi, Consolação, São Paulo,-23.5400123,-46.6635041
16,"Alameda Barros, Santa Cecília, São Paulo",Alameda Barros, Santa Cecília, São Paulo,-23.5355801,-46.6584882
17,"Rua Marquês de Itu, Higienopólis, São Paulo",Rua Marquês de Itu, Consolação, São Paulo,-23.5437132,-46.6517102
18,"Rua Palmeiras, Santa Cecília, São Paulo",Rua das Palmeiras, Santa Cecília, São Paulo,-23.5375783,-46.6509087
19,"Rua Martim Francisco, Santa Cecília, São Paulo",Rua Martim Francisco, Santa Cecília, São Paulo,-23.5377227,-46.6508727
21,"Rua Benvinda Aparecida de Abreu Leme, Santana, São Paulo",Rua Benvinda Aparecida de Abreu Leme, Santana, São Paulo,-23.499055,-46.6234565
22,"Rua Voluntários da Pátria, Santana, São Paulo",Rua Voluntários da Pátria, Santana, São Paulo,-23.4921214,-46.625976
23,"Rua Copacabana, Santana, São Paulo",Rua Copacabana, Santana, São Paulo,-23.4935428,-46.6383657
24,"Rua Comendador Joaquim Monteiro, Santana, São Paulo",Rua Comendador Joaquim Monteiro, Santana, São Paulo,-23.5038438,-46.6307492
25,"Rua Duarte de Azevedo, Santana, São Paulo",Rua Duarte de Azevedo, Santana, São Paulo,-23.5010178,-46.6211224
27,"Rua Carlos Escobar, Santana, São Paulo",Rua Carlos Escobar, Santana, São Paulo,-23.5016591,-46.6349952
29,"Rua Conde de Itu, Santo Amaro , São Paulo",Rua Conde de Itu, Santo Amaro, São Paulo,-23.6514347,-46.6971318
31,"Rua Conde de Itu, Santo Amaro, São Paulo",Rua Conde de Itu, Santo Amaro, São Paulo,-23.6514347,-46.6971318
32,"Avenida Adolfo Pinheiro, Santo Amaro , São Paulo",Avenida Adolfo Pinheiro, Santo Amaro, São Paulo,-23.6471296,-46.7020645
33,"Rua Doutor Antônio Bento, Santo Amaro , São Paulo",Rua Doutor Antônio Bento, Santo Amaro, São Paulo,-23.6479087,-46.7039581
34,"Avenida Nossa Senhora do Sabará, Jardim Marajoara , São Paulo",Avenida Nossa Senhora do Sabará, Campo Grande, São Paulo,-23.6629818,-46.6921796
35,"Rua Borba Gato, Santo Amaro , São Paulo",Rua Borba Gato, Santo Amaro, São Paulo,-23.655843,-46.7009549
36,"Praça Santa Cruz, Santo Amaro , São Paulo",Praça Santa Cruz,Praça Santa Cruz, Santo Amaro,-23.648339399999998,-46.70264662960753
37,"Rua José de Alencar, Jardim Marajoara , São Paulo",Rua José de Alencar, Campo Grande, São Paulo,-23.658555,-46.696656
38,"Rua Caramuru, Saúde, São Paulo",Rua Caramuru, Saúde, São Paulo,-23.6090831,-46.6370477
40,"Rua Dias de Toledo, Saúde, São Paulo",Rua Dias de Toledo, Saúde, São Paulo,-23.6145261,-46.6348774
41,"Rua Uvaias, Saúde, São Paulo",Rua das Uváias, Saúde, São Paulo,-23.6214992,-46.6409903
42,"Rua General Chagas Santos, Saúde, São Paulo",Rua General Chagas Santos, Saúde, São Paulo,-23.6160495,-46.6275282
44,"Rua Araçoiaba, Saúde, São Paulo",Rua Araçoiaba, Saúde, São Paulo,-23.6204272,-46.6323576
46,"Avenida Bosque da Saúde, Saúde, São Paulo",Avenida Bosque da Saúde, Saúde, São Paulo,-23.6122011,-46.6288507
47,"Rua Visconde de Inhaúma, Saúde, São Paulo",Rua Visconde de Inhaúma, Saúde, São Paulo,-23.6169762,-46.6325449
48,"Praça Hilário da Conceição, Sítio do Mandaqui, São Paulo","Praça Hilário da Conceição, Sítio do Mandaqui, São Paulo",Error,Error,-999,-999
49,"Rua Domiciano Ribeiro, Limão, São Paulo",Rua Domiciano Ribeiro, Limão, São Paulo,-23.4850317,-46.6692916
50,"Rua Epaminondas Melo do Amaral, Sítio do Mandaqui, São Paulo","Rua Epaminondas Melo do Amaral, Sítio do Mandaqui, São Paulo",Error,Error,-999,-999
51,"Rua José de Figueiredo Seixas, Imirim, São Paulo",Rua José de Figueiredo Seixas, Cachoeirinha, São Paulo,-23.4805537,-46.6573321
52,"Rua Santa Faustina, Jardim São Bento, Casa Verde, São Paulo",Rua Santa Faustina, Casa Verde, São Paulo,-23.4856928,-46.654875
53,"Rua Ventura Carneiro, Vila Amélia, Cachoeirinha, São Paulo",Rua Ventura Carneiro, Cachoeirinha, São Paulo,-23.4813908,-46.6584903
55,"Praça Barão Itaqui, Tatuapé, São Paulo",Praça Barão de Itaqui, Vila Gomes Cardim, Tatuapé,-23.54036675,-46.568056850000005
56,"Rua Tuiuti, Tatuapé, São Paulo",Rua Tuiuti, Tatuapé, São Paulo,-23.5306717,-46.5756789
57,"Rua José Tavares Siqueira, Tatuapé, São Paulo",Rua José Tavares Siqueira, Tatuapé, São Paulo,-23.5311011,-46.5686071
58,"Rua Henrique Sertório, Tatuapé, São Paulo",Rua Henrique Sertório, Tatuapé, São Paulo,-23.5382527,-46.5781585
59,"Rua Coronel Gustavo Santiago, Tatuapé, São Paulo",Rua Coronel Gustavo Santiago, Tatuapé, São Paulo,-23.5349025,-46.5652685
61,"Avenida Celso Garcia, Tatuapé, São Paulo",Avenida Celso Garcia, Tatuapé, São Paulo,-23.5358333,-46.5713235
63,"Rua Teixeira de Melo, Tatuapé, São Paulo",Rua Teixeira de Melo, Tatuapé, São Paulo,-23.5377289,-46.5736704
64,"Rua Santa Catarina, Tatuapé, São Paulo",Rua Santa Catarina, Tatuapé, São Paulo,-23.5298714,-46.5667717
65,"Rua Celso Ramos, Campo Limpo, São Paulo",Rua Celso Ramos, Campo Limpo, São Paulo,-23.6272287,-46.7467755
66,"Rua Alexandre Benois, Vila Andrade, São Paulo",Rua Alexandre Benois, Vila Andrade, São Paulo,-23.6334871,-46.7377874
67,"Rua José da Silva Ribeiro, Vila Andrade, São Paulo",Rua José da Silva Ribeiro, Vila Andrade, São Paulo,-23.6229549,-46.7382414
71,"Rua Castelhano, Vila Andrade, São Paulo",Rua Castelhano, Vila Andrade, São Paulo,-23.6313897,-46.7385463
72,"Rua Chapada de Minas, Vila Andrade, São Paulo",Rua Chapada de Minas, Campo Limpo, São Paulo,-23.626642,-46.745831
73,"Rua João Simões de Souza, Morumbi, São Paulo",Rua João Simões de Souza, Vila Andrade, São Paulo,-23.6232587,-46.7441378
75,"Rua Costa Barros, Vila Prudente, São Paulo",Rua Costa Barros, Vila Prudente, São Paulo,-23.5973784,-46.5593643
76,"Rua Hilário Capote Valente, São Paulo",Rua Hilário Capote Valente, São Lucas, São Paulo,-23.5986681,-46.5501598
78,"Rua Heloísa Pamplona, Centro, São Caetano do Sul",Rua Heloisa Pamplona, São Caetano do Sul, São Paulo,-23.6100096,-46.5667984
79,"Rua Doutor Vicente Giacaglini, Vila Prudente, São Paulo",Rua Doutor Vicente Giacaglini, Vila Prudente, São Paulo,-23.6047605,-46.5681757
85,"Rua Coriolano Durand, Jabaquara, São Paulo",Rua Coriolano Durand, Jabaquara, São Paulo,-23.6521942,-46.6550285
86,"Rua Octávio Teixeira Mendes Sobrinho, Jabaquara, São Paulo",Rua Octávio Teixeira Mendes Sobrinho, Jabaquara, São Paulo,-23.656946,-46.6557703
87,"Rua Antônio Covello, Jabaquara, São Paulo",Rua Antônio Covello, Jabaquara, São Paulo,-23.6586711,-46.6611665
90,"Rua Doutor Rui de Azevedo Sodré, Jabaquara, São Paulo",Rua Doutor Rui de Azevedo Sodré, Jabaquara, São Paulo,-23.6571462,-46.6526081
92,"Rua Coriolano Durand, Jabaquara, São Paulo","Rua Coriolano Durand, Jabaquara, São Paulo",Error time out,Error time out,Error time out,Error time out
93,"Rua Brasilina Fonseca, Jabaquara, São Paulo",Rua Brasilina Fonseca, Jabaquara, São Paulo,-23.6569975,-46.650039
94,"Rua Ganges, Vila Carrão, São Paulo",Rua Ganges, Carrão, São Paulo,-23.5477071,-46.5294465
95,"Avenida Guilherme Giorgi, Vila Formosa, São Paulo",Avenida Guilherme Giorgi, Carrão, São Paulo,-23.5535096,-46.544825
96,"Rua Evangelina, Vila Carrão, São Paulo",Rua Evangelina, Carrão, São Paulo,-23.5492841,-46.5438977
97,"Rua Biguaçu, Vila Carrão, São Paulo",Rua Biguaçu, Carrão, São Paulo,-23.5501553,-46.5307397
98,"Avenida Conselheiro Carrão, Vila Carrão, São Paulo",Avenida Conselheiro Carrão, Carrão, São Paulo,-23.5435212,-46.5465869
99,"Rua Lutécia, Vila Carrão, São Paulo",Rua Lutécia, Carrão, São Paulo,-23.547253,-46.5402849
100,"Rua Nova Jerusalém, Vila Carrão, São Paulo",Rua Nova Jerusalém, Carrão, São Paulo,-23.5511801,-46.5509078
101,"Rua Tamaindê, Vila Carrão, São Paulo",Rua Tamaindé, Carrão, São Paulo,-23.5441587,-46.5346025
103,"Rua Leandro Dupret, Vila Clementino, São Paulo","Rua Leandro Dupret, Vila Clementino, São Paulo",Error,Error,-999,-999
104,"Rua Borges Lagoa, Vila Clementino, São Paulo",Rua Borges Lagoa, Vila Mariana, São Paulo,-23.5970229,-46.643828
105,"Avenida 11 de Junho, Vila Clementino, São Paulo",Avenida 11 de Junho, Saúde, São Paulo,-23.601376,-46.650189
106,"Rua Jorge Tibiriçá, Vila Mariana, São Paulo",Rua Jorge Tibiriçá, Vila Mariana, São Paulo,-23.5982415,-46.6316588
107,"Avenida Doutor Altino Arantes, Vila Clementino, São Paulo",Avenida Doutor Altino Arantes, Saúde, São Paulo,-23.602783,-46.6368936
108,"Rua Desembargador Aragão, Vila Mariana, São Paulo",Rua Desembargador Aragão, Vila Mariana, São Paulo,-23.5931034,-46.6310962
112,"Rua Areia do Rosário, Jaçana, São Paulo",Rua Areia do Rosário, Jaçanã, São Paulo,-23.4692393,-46.5765462
113,"Avenida Jaçanã, Jaçana, São Paulo",Avenida Jaçanã, Jaçanã, São Paulo,-23.466753,-46.5887981
115,"Rua Itza, Jaçana, São Paulo",Rua Itza, Jaçanã, São Paulo,-23.4683134,-46.5763568
116,"Rua João Teixeira de Barros, Jaçana, São Paulo",Rua João Teixeira de Barros, Jaçanã, São Paulo,-23.4690196,-46.5826584
117,"Avenida Paulo Lincoln do Valle Pontin, Jaçana, São Paulo",Avenida Paulo Lincoln do Valle Pontin, Jaçanã, São Paulo,-23.4597634,-46.5855894
118,"Rua Parambú, Jaçana, São Paulo","Rua Parambú, Jaçana, São Paulo",Error,Error,-999,-999
119,"Rua José Buono, Jaçana, São Paulo",Rua José Buono, Jaçanã, São Paulo,-23.4654643,-46.5847646
120,"Rua Ângelo Aloísio, Jaçana, São Paulo",Rua Ângelo Aloísio, Jaçanã, São Paulo,-23.4598251,-46.5845292
121,"Avenida Henri Janor, Jaçana, São Paulo",Avenida Henri Janor, Tucuruvi, São Paulo,-23.4697205,-46.5891017
122,"Rua 22 de Agosto, Cachoeirinha, São Paulo",Rua Vinte e Dois de Agosto, Cachoeirinha, São Paulo,-23.4665722,-46.6589533
124,"Rua Jornalista Octávio Ribeiro-Pena Branca, Cachoeirinha, São Paulo",Rua Jornalista Octávio Ribeiro-Pena Branca, Cachoeirinha, São Paulo,-23.4642425,-46.659619
126,"Avenida General Penha Brasil, Brasilandia, São Paulo",Avenida General Penha Brasil, Brasilândia, São Paulo,-23.455369,-46.675515
130,"Avenida Boschetti, Vila Ede, São Paulo",Avenida Boschetti, Vila Medeiros, São Paulo,-23.4909894,-46.5941916
133,"Rua Major Dantas Cortez, Tucuruvi, São Paulo",Rua Major Dantas Cortez, Tucuruvi, São Paulo,-23.4811443,-46.6001388
136,"Av. Boschetti, 195 - Vila Medeiros, São Paulo - Sp, 02205-000, Brasil, Vila Ede, São Paulo",195, Vila Medeiros, São Paulo,-23.4902986,-46.5935825
137,"Rua Anacleto, Vila Ede, São Paulo",Rua Anacleto, Tucuruvi, São Paulo,-23.493038,-46.5996862
139,"Avenida Ede, Vila Ede, São Paulo",Avenida Ede, Vila Medeiros, São Paulo,-23.4943833,-46.5920942
140,"Rua Edmundo Juventino Fuentes, São Paulo",Rua Edmundo Juventino Fuentes, São Lucas, São Paulo,-23.5843195,-46.5365467
141,"Rua Paulo Bender, São Lucas, São Paulo",Rua Paulo Bender, São Lucas, São Paulo,-23.5877421,-46.539653
144,"Rua Solidônio Leite, São Lucas, São Paulo",Rua Solidônio Leite, São Lucas, São Paulo,-23.5800979,-46.551315
145,"Avenida Vila Ema, São Lucas, São Paulo",Avenida Vila Ema, São Lucas, São Paulo,-23.5914172,-46.5405168
148,"Rua Orlando Calisto, São Lucas, São Paulo",Rua Orlando Calisto, São Lucas, São Paulo,-23.5950571,-46.5555078
149,"Rua Atuai, Penha, São Paulo",Rua Atuaí, Penha, São Paulo,-23.5306721,-46.5287886
150,"Rua Evans, Penha, São Paulo",Rua Evans, Penha, São Paulo,-23.5270493,-46.525264
151,"Rua Demini, Penha, São Paulo",Rua Demini, Penha, São Paulo,-23.5300172,-46.5324473
152,"Avenida Padres Olivetanos, Vila Esperança, São Paulo",Avenida Padres Olivetanos, Penha, São Paulo,-23.5265264,-46.5263372
153,"Rua Isabel, Vila Esperança, São Paulo",Rua Isabel, Penha, São Paulo,-23.5251097,-46.5273535
155,"Rua Atuaí, Penha, São Paulo",Rua Atuaí, Penha, São Paulo,-23.5306721,-46.5287886
156,"Rua Embiruçú, Penha, São Paulo",Rua Embiruçu, Penha, São Paulo,-23.5264634,-46.5330864
159,"Rua Felício Pereira, Vila Formosa, São Paulo",Rua Felício Pereira, Vila Formosa, São Paulo,-23.5738062,-46.5318982
160,"Rua Jacaracanga, Vila Formosa, São Paulo",Rua Jacaracanga, Vila Formosa, São Paulo,-23.5684088,-46.5504867
161,"Avenida Guilherme Giorgi, Vila Carrão, São Paulo",Avenida Guilherme Giorgi, Carrão, São Paulo,-23.5535096,-46.544825
162,"Rua Camberra, Vila Formosa, São Paulo",Rua Camberra, Vila Formosa, São Paulo,-23.5659275,-46.5532966
163,"Rua Iru, Vila Formosa, São Paulo",Rua Iru, Vila Formosa, São Paulo,-23.5633463,-46.5413023
164,"Rua Vênus, Vila Formosa, São Paulo",Rua Vênus, Vila Formosa, São Paulo,-23.5655775,-46.5408799
165,"Rua Pretória, Vila Formosa, São Paulo",Rua Pretória, Vila Formosa, São Paulo,-23.5628051,-46.5432517
166,"Rua Oswaldo Arouca, Vila Carrão, São Paulo",Rua Oswaldo Arouca, Carrão, São Paulo,-23.5608698,-46.5370815
168,"Rua Carlito, Vila Formosa, São Paulo",Rua Carlito, Vila Formosa, São Paulo,-23.5708193,-46.5415301
169,"Rua Maria Cândida, Vila Guilherme, São Paulo",Rua Maria Cândida, Vila Guilherme, São Paulo,-23.5016066,-46.6126604
170,"Rua Pedra Sabão, Vila Guilherme, São Paulo",Rua Pedra Sabão, Vila Guilherme, São Paulo,-23.5094693,-46.6023642
171,"Rua Maria Cândida, Santana, São Paulo",Rua Maria Cândida, Vila Guilherme, São Paulo,-23.5034417,-46.6090719
172,"Rua do Canal, Vila Guilherme, São Paulo",Rua do Canal, Vila Guilherme, São Paulo,-23.5101705,-46.6043936
173,"Rua Lagoa Panema, Vila Guilherme, São Paulo",Rua Lagoa Panema, Vila Guilherme, São Paulo,-23.5052641,-46.605574
175,"Rua Manuel de Almeida, Vila Guilherme, São Paulo",Rua Manuel de Almeida, Vila Guilherme, São Paulo,-23.5037645,-46.6010057
176,"Rua João Ventura Batista, 622 - Vila Guilherme, São Paulo - Sp, Brasil, Vila Guilherme, São Paulo",622, Vila Guilherme, São Paulo,-23.5164667,-46.6055219
177,"Rua Capitão Luís Ramos, Vila Guilherme, São Paulo",Rua Capitão Luís Ramos, Vila Guilherme, São Paulo,-23.5071134,-46.6078188
178,"Avenida Júlio Buono, Vila Gustavo, São Paulo",Avenida Júlio Buono, Vila Medeiros, São Paulo,-23.483415,-46.5907446
179,"Rua Capricho, Vila Gustavo, São Paulo",Rua Capricho, Tucuruvi, São Paulo,-23.4827905,-46.5933057
180,"Rua Rosa Maria, Vila Gustavo, São Paulo",Rua Rosa Maria, Tucuruvi, São Paulo,-23.4815308,-46.5950933
181,"Avenida Gustavo Adolfo, Vila Gustavo, São Paulo",Avenida Gustavo Adolfo, Vila Medeiros, São Paulo,-23.4821925,-46.5903748
182,"Rua Borges, Vila Gustavo, São Paulo",Rua Borges, Tucuruvi, São Paulo,-23.4869049,-46.6006042
183,"Rua Tanque Velho, Vila Gustavo, São Paulo",Rua Tanque Velho, Tucuruvi, São Paulo,-23.480603,-46.5899439
184,"Rua São Patrício, Vila Gustavo, São Paulo",Rua São Patrício, Tucuruvi, São Paulo,-23.486771,-46.5985213
185,"Avenida Júlio Buono, Jardim Brasil , São Paulo",Avenida Júlio Buono, Vila Medeiros, São Paulo,-23.4745379,-46.5774613
186,"Avenida Boschetti, Vila Medeiros, São Paulo",Avenida Boschetti, Vila Medeiros, São Paulo,-23.4909894,-46.5941916
187,"Rua Aroaba, Vila Leopoldina, São Paulo",Rua Aroaba, Vila Leopoldina, São Paulo,-23.5337182,-46.7306192
188,"Rua Nanuque, Vila Leopoldina, São Paulo",Rua Nanuque, Vila Leopoldina, São Paulo,-23.5311264,-46.7255523
190,"Avenida Imperatriz Leopoldina, Vila Leopoldina, São Paulo",Avenida Imperatriz Leopoldina, Vila Leopoldina, São Paulo,-23.5273982,-46.7342638
191,"Rua Brentano, Vila Leopoldina, São Paulo",Rua Brentano, Vila Leopoldina, São Paulo,-23.530754,-46.7237042
192,"Rua Carlos Weber, Vila Leopoldina, São Paulo",Rua Carlos Weber, Vila Leopoldina, São Paulo,-23.5325309,-46.726166
194,"Avenida Mofarrej, Vila Leopoldina, São Paulo",Avenida Mofarrej, Vila Leopoldina, São Paulo,-23.5336279,-46.7438953
195,"Avenida Interlagos, Vila Arriete, São Paulo",Avenida Interlagos, Campo Grande, São Paulo,-23.6845713,-46.6921367
196,"Avenida Engenheiro José Salles, Socorro, São Paulo",Avenida Engenheiro José Salles, Socorro, São Paulo,-23.6891278,-46.6998602
197,"Rua Miguel Yunes, Campo Grande, São Paulo",Rua Miguel Yunes, Campo Grande, São Paulo,-23.6846657,-46.6916821
205,"Rua Pascoal Vita, Alto de Pinheiros, São Paulo",Rua Pascoal Vita, Alto de Pinheiros, São Paulo,-23.5499825,-46.6951454
206,"Rua Rodesia, Vila Madalena, São Paulo",Rua Rodésia, Pinheiros, São Paulo,-23.553053,-46.6936027
207,"Rua Harmonia, Vila Madalena, São Paulo",Rua Harmonia, Pinheiros, São Paulo,-23.5527985,-46.6897297
210,"Rua Ourânia, Alto de Pinheiros, São Paulo",Rua Ourânia, Alto de Pinheiros, São Paulo,-23.5535112,-46.6991676
212,"Rua Oscar Caravelas, Alto de Pinheiros, São Paulo",Rua Oscar Caravelas, Alto de Pinheiros, São Paulo,-23.5436323,-46.694435
215,"Rua José Ataliba Ortiz, Vila Mangalot, São Paulo",Rua José Ataliba Ortiz, São Domingos, São Paulo,-23.5038178,-46.7433424
216,"Rua Rubens de Souza Araújo, São Domingos, São Paulo",Rua Rubens de Souza Araújo, São Domingos, São Paulo,-23.5066757,-46.7429888
218,"Avenida General Charles de Gaulle, Parque São Domingos, São Paulo","Avenida General Charles de Gaulle, Parque São Domingos, São Paulo",Error,Error,-999,-999
219,"Rua José Barreto dos Santos, São Domingos, São Paulo",Rua José Barreto dos Santos, São Domingos, São Paulo,-23.5047496,-46.7456905
220,"Rua João Veloso de Oliveira, São Domingos, São Paulo",Rua João Veloso de Oliveira, São Domingos, São Paulo,-23.5043507,-46.7423585
221,"Praça Itaquirai, São Domingos, São Paulo",Praça Itaquirai, Jardim Santo Elias, São Domingos,-23.5049841,-46.74448639682126
224,"Rua Doutor Neto de Araujo, Vila Mariana, São Paulo",Rua Doutor Neto de Araújo, Vila Mariana, São Paulo,-23.5869174,-46.6334482
225,"Rua Joaquim Távora, Vila Mariana, São Paulo",Rua Joaquim Távora, Vila Mariana, São Paulo,-23.5838142,-46.63672
226,"Rua Carlos Petit, Vila Mariana, São Paulo",Rua Carlos Petit, Vila Mariana, São Paulo,-23.5842597,-46.6354079
229,"Rua Domingo de Soto, Vila Mariana, São Paulo","Rua Domingo de Soto, Vila Mariana, São Paulo",Error,Error,-999,-999
230,"Rua Rio Grande, Vila Mariana, São Paulo",Rua Rio Grande, Vila Mariana, São Paulo,-23.5904308,-46.6411279
231,"Rua Francisco Cruz, Vila Mariana, São Paulo",Rua Francisco Cruz, Vila Mariana, São Paulo,-23.5907124,-46.6335376
232,"Rua Abel Ramos, Vila Maria , São Paulo",Rua Abel Ramos, Vila Maria, São Paulo,-23.5078655,-46.5846628
233,"Rua Gastão Madeira, Vila Maria , São Paulo",Rua Gastão Madeira, Vila Maria, São Paulo,-23.5055855,-46.5859585
234,"Rua Soldado José Fernandes da Silva, Vila Maria , São Paulo",Rua Soldado José Fernandes da Silva, Vila Maria, São Paulo,-23.5066743,-46.5728983
235,"Rua Itaúna, Vila Maria , São Paulo",Rua Itaúna, Vila Maria, São Paulo,-23.5164415,-46.5910409
236,"Rua Santa Veridiana, Vila Maria , São Paulo",Rua Santa Veridiana, Vila Maria, São Paulo,-23.5070254,-46.5924407
237,"Rua Mere Amedea, Vila Maria , São Paulo",Rua Mere Amedéa, Vila Maria, São Paulo,-23.5069497,-46.5892945
238,"Rua Santa Veridiana, Vila Maria, São Paulo",Rua Santa Veridiana, Vila Maria, São Paulo,-23.5070254,-46.5924407
239,"Avenida das Cerejeiras, Vila Maria , São Paulo",Avenida das Cerejeiras, Vila Maria, São Paulo,-23.4996738,-46.5728097
241,"Avenida Damasceno Vieira, Jabaquara, São Paulo",Avenida Damasceno Vieira, Jabaquara, São Paulo,-23.6461639,-46.6645076
242,"Avenida Santa Catarina, Jabaquara, São Paulo",Avenida Santa Catarina, Jabaquara, São Paulo,-23.6572111,-46.6540234
244,"Rua Maratona, Vila Alexandria, São Paulo",Rua Maratona, Campo Belo, São Paulo,-23.6433821,-46.6715832
246,"Rua Tebas, Jabaquara, São Paulo",Rua Tebas, Campo Belo, São Paulo,-23.6408909,-46.6641005
247,"Rua Doutor Djalma Pinheiro Franco, Cidade Ademar, São Paulo",Rua Djalma Pereira Franco, Cidade Ademar, São Paulo,-23.654762,-46.6676696
251,"Rua Jamunda, Vila Mazzei, São Paulo",Rua Jamunda, Tucuruvi, São Paulo,-23.471292,-46.5979942
253,"Rua dos Jacarandás Mimosos, Tucuruvi, São Paulo",Rua dos Jacarandás Mimosos, Tucuruvi, São Paulo,-23.4638665,-46.6029207
257,"Rua Cauré, Vila Mazzei, São Paulo","Rua Cauré, Vila Mazzei, São Paulo",Error,Error,-999,-999
258,"Rua Major Turíbio Moraes, Tucuruvi, São Paulo",Rua Major Turibio Moraes, Tucuruvi, São Paulo,-23.4694795,-46.5941321
259,"Rua Carlos Gomes, Tucuruvi, São Paulo",Rua Carlos Gomes, Tucuruvi, São Paulo,-23.4749731,-46.6096215
260,"Avenida Mazzei, Vila Mazzei, São Paulo",Avenida Mazzei, Tucuruvi, São Paulo,-23.4743028,-46.6017079
261,"Rua Vitalina Moura, Cachoeirinha, São Paulo",Rua Vitalina Moura, Cachoeirinha, São Paulo,-23.4769572,-46.6571801
262,"Avenida Deputado Emílio Carlos, São Paulo",Avenida Deputado Emílio Carlos, Cachoeirinha, São Paulo,-23.4765678,-46.6706702
264,"Rua Professor José Soares de Mello, Cachoeirinha, São Paulo",Rua Professor José Soares de Mello, Cachoeirinha, São Paulo,-23.4701956,-46.6669338
265,"Rua Aída Gomes Toledo, Cachoeirinha, São Paulo",Rua Aída Gomes Toledo, Cachoeirinha, São Paulo,-23.4756894,-46.6580156
266,"Rua Franklin do Amaral, Cachoeirinha, São Paulo",Rua Franklin do Amaral, Cachoeirinha, São Paulo,-23.4763022,-46.6614702
267,"Rua José Ferreira de Castro, Cachoeirinha, São Paulo",Rua José Ferreira de Castro, Cachoeirinha, São Paulo,-23.4721971,-46.6529354
270,"Rua Diogo Jacome, Moema, São Paulo",Rua Diogo Jácome, Moema, São Paulo,-23.5925542,-46.6650932
271,"Rua Periquito, Moema, São Paulo",Rua Periquito, Moema, São Paulo,-23.5992466,-46.6721461
272,"Rua Fiandeiras, Vila Olímpia, São Paulo",Rua Fiandeiras, Itaim Bibi, São Paulo,-23.5956506,-46.6810748
273,"Rua Santa Justina, Itaim, São Paulo",Rua Santa Justina, Itaim Bibi, São Paulo,-23.5961649,-46.6797922
274,"Rua Alvorada, Itaim, São Paulo",Rua Alvorada, Itaim Bibi, São Paulo,-23.5981878,-46.6829038
275,"Rua Iaiá, Itaim Bibi, São Paulo",Rua Iaiá, Itaim Bibi, São Paulo,-23.5869355,-46.6792924
276,"Rua do Rocio, Vila Olímpia, São Paulo",Rua do Rocio, Itaim Bibi, São Paulo,-23.5940323,-46.6860512
277,"Rua João Cachoeira, Itaim Bibi, São Paulo",Rua João Cachoeira, Itaim Bibi, São Paulo,-23.5888491,-46.6764719
280,"Rua Alvorada, Vila Olímpia, São Paulo",Rua Alvorada, Itaim Bibi, São Paulo,-23.5960891,-46.6825583
281,"Avenida Santo Amaro, Moema, São Paulo",Avenida Santo Amaro, Moema, São Paulo,-23.5906997,-46.6724874
282,"Rua Pintassilgo, Moema, São Paulo",Rua Pintassilgo, Moema, São Paulo,-23.6033057,-46.6733165
283,"Avenida Doutor Cardoso de Melo, Itaim, São Paulo",Avenida Doutor Cardoso de Melo, Itaim Bibi, São Paulo,-23.5956997,-46.6907055
284,"Rua Helena, Vila Olímpia, São Paulo",Rua Helena, Itaim Bibi, São Paulo,-23.5931657,-46.6860554
285,"Rua Doutor Miranda de Azevedo, Vila Pompéia, São Paulo",Rua Doutor Miranda de Azevedo, Perdizes, São Paulo,-23.5320506,-46.691796
286,"Rua Apiacás, Perdizes, São Paulo",Rua Apiacás, Perdizes, São Paulo,-23.5362868,-46.6779847
287,"Rua Turiassu, Perdizes, São Paulo",Rua Palestra Itália, Perdizes, São Paulo,-23.5256746,-46.6824595
288,"Rua Apinajés, Perdizes, São Paulo",Rua Apinajés, Perdizes, São Paulo,-23.5431115,-46.6842283
289,"Rua Marcelina, Vila Romana, São Paulo",Rua Marcelina, Lapa, São Paulo,-23.5302603,-46.6955358
290,"Rua Airosa Galvão, Perdizes, São Paulo",Rua Airosa Galvão, Barra Funda, São Paulo,-23.5289289,-46.6743559
291,"Rua Doutor Augusto de Miranda, Vila Pompéia, São Paulo",Rua Doutor Augusto de Miranda, Perdizes, São Paulo,-23.5326085,-46.6912451
292,"Av Francisco Matarazzo, Barra Funda, São Paulo",Avenida Francisco Matarazzo, Barra Funda, São Paulo,-23.5257003,-46.6790338
293,"Rua Aimberê, Perdizes, São Paulo",Rua Aimberê, Perdizes, São Paulo,-23.5325595,-46.6780415
294,"Rua Venâncio Aires, Perdizes, São Paulo",Rua Venâncio Aires, Perdizes, São Paulo,-23.5269433,-46.6840772
295,"Rua do Orfanato, Vila Prudente, São Paulo",Rua Orfanato, Vila Prudente, São Paulo,-23.5797936,-46.5815034
296,"Rua Torquato Tasso, Vila Prudente, São Paulo",Rua Torquato Tasso, Vila Prudente, São Paulo,-23.5785898,-46.5788061
297,"Rua Itanhaém, Vila Prudente, São Paulo",Rua Itanhaém, Vila Prudente, São Paulo,-23.5821502,-46.575926
298,"Rua Padre Mário Fontana, Mooca, São Paulo",Praça Padre Mário Fontana, Mooca, São Paulo,-23.579532649999997,-46.58944943345679
299,"Rua Cananéia, Vila Prudente, São Paulo",Rua Cananéia, Vila Prudente, São Paulo,-23.5818704,-46.5834845
300,"Rua Ilansa, Mooca, São Paulo",Rua Ilansa, Mooca, São Paulo,-23.5791289,-46.5883235
302,"Rua Quaritere, Mooca, São Paulo",Rua Quariteré, Mooca, São Paulo,-23.5776029,-46.5904789
304,"Rua Ibitirama, Vila Prudente, São Paulo",Rua Ibitirama, Vila Prudente, São Paulo,-23.5839363,-46.5844132
305,"Rua Hungara, Vila Romana, São Paulo",Rua Húngara, Lapa, São Paulo,-23.530628,-46.7033899
306,"Rua Coriolano, Lapa, São Paulo",Rua Coriolano, Lapa, São Paulo,-23.5260477,-46.692671
307,"Rua Marco Aurélio, Lapa, São Paulo",Rua Marco Aurélio, Lapa, São Paulo,-23.5349126,-46.6961061
313,"Avenida Vila Ema, São Lucas,São Paulo",Avenida Vila Ema, São Lucas, São Paulo,-23.5914172,-46.5405168
314,"Rua Glória do Goitá, São Lucas, São Paulo",Rua Glória do Goitá, São Lucas, São Paulo,-23.5846424,-46.5608643
316,"Rua João Bizarro da Nave, Agua Rasa, São Paulo",Rua João Bizarro da Nave, Água Rasa, São Paulo,-23.5722852,-46.565997
317,"Rua Giovani Pattoli, Vila Prudente, São Paulo",Rua Giovani Pattoli, Vila Prudente, São Paulo,-23.5842785,-46.5708294
319,"Rua Frei Bonifácio Dux, Vila Sônia, São Paulo",Rua Frei Bonifácio Dux, Vila Sônia, São Paulo,-23.603541,-46.7325456
320,"Rua Francisco Marson, Vila Sonia, São Paulo",Rua Francisco Marson, Vila Sônia, São Paulo,-23.602151,-46.7412005
321,"Rua Lessia Ukrainka, Vila Sonia, São Paulo",Rua Lessia Ukrainka, Vila Sônia, São Paulo,-23.5955021,-46.7250041
322,"Rua Ibiapaba, Vila Sônia, São Paulo",Rua Ibiapaba, Vila Sônia, São Paulo,-23.5930999,-46.7296339
323,"Avenida Eliseu de Almeida, Butantã, São Paulo",Avenida Eliseu de Almeida, Butantã, São Paulo,-23.5759013,-46.7125827
325,"Rua Nilza Medeiros Martins, Vila Sônia, São Paulo",Rua Nilza Medeiros Martins, Vila Sônia, São Paulo,-23.5994121,-46.7295652
327,"Rua Dias Vieira, Vila Sônia, São Paulo",Rua Dias Vieira, Vila Sônia, São Paulo,-23.5985782,-46.7365111
328,"Avenida Professor Francisco Morato, Butantã, São Paulo",Avenida Professor Francisco Morato, Butantã, São Paulo,-23.5738424,-46.7062996
329,"Rua Marquês de Lages, Vila das Mercês, São Paulo",Rua Marques de Lages, Sacomã, São Paulo,-23.6257532,-46.6025894
330,"Rua Vergueiro, Vila das Mercês, São Paulo",Rua Vergueiro, Sacomã, São Paulo,-23.620019,-46.602153
331,"Rua Descampado, Vila das Mercês, São Paulo",Rua Descampado, Sacomã, São Paulo,-23.6227192,-46.6052629
332,"Avenida Santo Albano, Vila das Mercês, São Paulo",Avenida Santo Albano, Sacomã, São Paulo,-23.6177749,-46.6059358
333,"Rua Budapeste, Sacomã, São Paulo",Rua Budapeste, Sacomã, São Paulo,-23.6187979,-46.5991531
335,"Rua Elba, Vila das Mercês, São Paulo",Rua Elba, Sacomã, São Paulo,-23.6181542,-46.6043186
336,"Rua Abagiba, Vila das Mercês, São Paulo",Rua Abagiba, Sacomã, São Paulo,-23.6184053,-46.6081968
338,"Rua Francisco Luiz de Souza Júnior, Água Branca, São Paulo","Rua Francisco Luiz de Souza Júnior, Água Branca, São Paulo",Error,Error,-999,-999
339,"Rua Torres da Barra, Água Branca, São Paulo",Rua Torres da Barra, Barra Funda, São Paulo,-23.5139313,-46.6869244
340,"Rua Aristides Viadana, Lapa, São Paulo",Rua Aristides Viadana, Lapa, São Paulo,-23.5171,-46.6987666
341,"Rua Joseph Nigri, Barra Funda, São Paulo",Rua Joseph Nigri, Barra Funda, São Paulo,-23.5189768,-46.680511
343,"Rua Pablo Picasso, Barra Funda, São Paulo",Rua Pablo Picasso, Barra Funda, São Paulo,-23.5178361,-46.6832894
344,"Rua Francisco Luiz de Souza Júnior, Água Branca, São Paulo","Rua Francisco Luiz de Souza Júnior, Água Branca, São Paulo",Error time out,Error time out,Error time out,Error time out
346,"Rua Aristídes Viadana, Lapa, São Paulo",Rua Aristides Viadana, Lapa, São Paulo,-23.5171,-46.6987666
348,"Rua Monte Belo, Tucuruvi, São Paulo",Rua Monte Belo, Tucuruvi, São Paulo,-23.4849788,-46.6125234
349,"Rua Outeiro da Cruz, Santana, São Paulo",Rua Outeiro da Cruz, Santana, São Paulo,-23.4888373,-46.617928
350,"Rua Frei Melchior, Santana, São Paulo",Rua Frei Melchior, Santana, São Paulo,-23.4880776,-46.6199996
351,"Rua Casa Forte, Água Fria, São Paulo",Rua Casa Forte, Santana, São Paulo,-23.4812837,-46.6176159
352,"Rua Almirante Noronha, Santana, São Paulo",Rua Almirante Noronha, Santana, São Paulo,-23.491702,-46.615597
353,"Rua Doutor Guilherme Cristofel, Santana, São Paulo",Rua Doutor Guilherme Cristoffel, Santana, São Paulo,-23.4882237,-46.6288743
357,"Rua Bela Cintra, Consolação, São Paulo",Rua Bela Cintra, Consolação, São Paulo,-23.5554089,-46.6607142
359,"Rua Herculano de Freitas, Consolação, São Paulo",Rua Herculano de Freitas, Bela Vista, São Paulo,-23.5557562,-46.6545422
360,"Rua Glicério, Liberdade, São Paulo",Rua Glicério, Liberdade, São Paulo,-23.5597577,-46.6311286
362,"Rua Álvaro de Carvalho, Republica, São Paulo",Rua Álvaro de Carvalho, República, São Paulo,-23.5494981,-46.6444319
364,"Rua Paim, Consolação, São Paulo",Rua Paim, Bela Vista, São Paulo,-23.5540456,-46.6502546
366,"Rua Caio Prado, Consolação, São Paulo",Rua Caio Prado, Consolação, São Paulo,-23.5492548,-46.6485394
369,"Avenida Rangel Pestana, Brás, São Paulo",Avenida Rangel Pestana, Brás, São Paulo,-23.5458711,-46.6219263
370,"Rua Dona Antônia de Queirós, Higienópolis, São Paulo",Rua Dona Antônia de Queirós, Consolação, São Paulo,-23.5500025,-46.6536617
371,"Rua Tabatinguera, Sé, São Paulo",Rua Tabatinguera, Sé, São Paulo,-23.5525158,-46.630443
372,"Rua Azevedo Júnior, Sé, São Paulo",Rua Azevedo Júnior, Brás, São Paulo,-23.5507373,-46.6239003
373,"Rua Genebra, Republica, São Paulo",Rua Genebra, República, São Paulo,-23.5516201,-46.6397308
375,"Rua Domingos Paiva, Bras, São Paulo",Rua Domingos Paiva, Brás, São Paulo,-23.5479017,-46.6150268
376,"Rua Álvaro de Carvalho, Centro, São Paulo",Rua Álvaro de Carvalho, República, São Paulo,-23.5494981,-46.6444319
377,"Avenida Brigadeiro Luís Antônio, Bela Vista, São Paulo",Avenida Brigadeiro Luís Antônio, Bela Vista, São Paulo,-23.5559801,-46.6396754
378,"Rua Miguel Teles Júnior, Cambuci, São Paulo",Rua Miguel Teles Júnior, Liberdade, São Paulo,-23.5640061,-46.6233803
379,"Rua Campos Sales, Brás, São Paulo",Rua Campos Sales, Brás, São Paulo,-23.5489142,-46.6185814
380,"Avenida Duque de Caxias, Santa Cecília, São Paulo",Avenida Duque de Caxias, Santa Cecília, São Paulo,-23.5391555,-46.6461222
381,"Rua Tamandaré, Aclimação, São Paulo",Rua Tamandaré, Liberdade, São Paulo,-23.5600338,-46.631321
382,"Rua Bento Freitas, Republica, São Paulo",Rua Bento Freitas, República, São Paulo,-23.5455917,-46.6455747
384,"Rua Itararé, Consolação, São Paulo",Rua Itararé, Bela Vista, São Paulo,-23.5551826,-46.6545476
385,"Rua Conde de Sarzedas, Sé, São Paulo",Rua Conde de Sarzedas, Sé, São Paulo,-23.5545703,-46.6290103
386,"Rua da Consolação, Consolação, São Paulo",Rua da Consolação, Consolação, São Paulo,-23.5478778,-46.6486064
388,"Rua Pires da Mota, Liberdade, São Paulo",Rua Pires da Mota, Liberdade, São Paulo,-23.5659474,-46.6322003
389,"Praça Júlio Mesquita, Centro, São Paulo",Praça Julio Mesquita, República, São Paulo,-23.5406927,-46.6432983
390,"Rua Claudino Pinto, Bras, São Paulo",Rua Claudino Pinto, Brás, São Paulo,-23.5484781,-46.6237423
391,"Avenida Brigadeiro Luis Antonio, Bela Vista, São Paulo",Avenida Brigadeiro Luís Antônio, Bela Vista, São Paulo,-23.5559801,-46.6396754
392,"Rua Jener, Aclimação, São Paulo","Rua Jener, Aclimação, São Paulo",Error,Error,-999,-999
393,"Avenida 9 de Julho, Bela Vista, São Paulo",Avenida 9 de Julho, Bela Vista, São Paulo,-23.5553142,-46.6490828
395,"Rua Visconde de Parnaíba, Mooca, São Paulo",Rua Visconde de Parnaíba, Mooca, São Paulo,-23.546872,-46.6085929
399,"Rua Mazzini, Aclimação, São Paulo",Rua Mazzini, Liberdade, São Paulo,-23.5634067,-46.6255657
400,"R. Paim, Consolação, São Paulo",Rua Paim, Bela Vista, São Paulo,-23.5540456,-46.6502546
401,"Rua Augusta, Consolação, São Paulo",Rua Augusta, Consolação, São Paulo,-23.5506347,-46.6481999
402,"Rua Alegria, Bras, São Paulo",Rua da Alegria, Brás, São Paulo,-23.5493789,-46.6156927
403,"Rua Doutor Plínio Barreto, Bela Vista, São Paulo",Rua Doutor Plínio Barreto, Bela Vista, São Paulo,-23.5575749,-46.6521241
404,"Rua Brigadeiro Tobias, Bom Retiro, São Paulo",Rua Brigadeiro Tobias, Bom Retiro, São Paulo,-23.5352466,-46.6337902
405,"Rua Major Quedinho, Republica, São Paulo",Rua Major Quedinho, República, São Paulo,-23.5509371,-46.6434046
406,"Rua São Carlos do Pinhal, Bela Vista, São Paulo",Rua São Carlos do Pinhal, Bela Vista, São Paulo,-23.5587686,-46.6563046
407,"Avenida Rio Branco, Republica, São Paulo",Avenida Rio Branco, República, São Paulo,-23.541223,-46.6388021
408,"Rua Avanhandava, Consolação, São Paulo",Rua Avanhandava, Bela Vista, São Paulo,-23.5514371,-46.6471509
409,"Avenida Ipiranga 1284, Centro, São Paulo",Avenida Ipiranga, Região Imediata de Santos, Região Metropolitana da Baixada Santista,-24.1554931,-46.739948
410,"Rua Washington Luís, Centro, São Paulo",Rua Washington Luis, Diadema, São Paulo,-23.6944857,-46.6276231
411,"Rua Major Diogo, Bela Vista, São Paulo",Rua Major Diogo, Bela Vista, São Paulo,-23.5574899,-46.6427711
412,"Praça Carlos Gomes, Sé, São Paulo",Praça Carlos Gomes,Praça Carlos Gomes, Sé,-23.5532268,-46.63568513831815
413,"Rua Oscar Cintra Gordinho, Sé, São Paulo",Rua Oscar Cintra Gordinho, Sé, São Paulo,-23.553256,-46.6288839
414,"Rua São Francisco, Sé, São Paulo",Rua São Francisco, Sé, São Paulo,-23.5491038,-46.6379772
416,"Rua Genebra, Bela Vista, São Paulo",Rua Genebra, República, São Paulo,-23.552015,-46.6397187
417,"Rua Santo Antônio, Bela Vista, São Paulo",Rua Santo Antônio, Bela Vista, São Paulo,-23.5521251,-46.6458359
418,"Avenida São João, Santa Cecília, São Paulo",Avenida São João, Santa Cecília, São Paulo,-23.5374896,-46.6488276
420,"Avenida Lacerda Franco, Cambuci, São Paulo",Avenida Lacerda Franco, Cambuci, São Paulo,-23.563894,-46.6225095
422,"Rua Espírito Santo, Aclimação, São Paulo",Rua Espirito Santo, Liberdade, São Paulo,-23.5676006,-46.6293802
423,"Largo do Arouche, Santa Cecília, São Paulo",Largo do Arouche,Largo do Arouche, Santa Cecília,-23.54140955,-46.646897167178125
425,"Rua Marquês de Paranaguá, Consolação, São Paulo",Rua Marquês de Paranaguá, Bela Vista, São Paulo,-23.5496315,-46.6501265
426,"Rua Santo Amaro, Bela Vista, São Paulo",Rua Santo Amaro, Bela Vista, São Paulo,-23.5554415,-46.6401737
428,"Rua Rocha, Bela Vista, São Paulo",Rua Rocha, Bela Vista, São Paulo,-23.5602501,-46.6495499
431,"Rua Herculano de Freitas,Bela Vista, São Paulo",Rua Herculano de Freitas, Bela Vista, São Paulo,-23.5557562,-46.6545422
432,"Rua do Lavapés, Liberdade, São Paulo",Rua do Lavapés, Liberdade, São Paulo,-23.5598266,-46.6302806
433,"Rua Abolição, Bela Vista, São Paulo",Rua Abolição, Região Geográfica Intermediária de Campinas, São Paulo,-22.7522828,-47.3346551
441,"Rua Helena Zerrener, Sé, São Paulo",Rua Helena Zerrener, Sé, São Paulo,-23.555205,-46.6295441
443,"Rua Frei Caneca, Consolação, São Paulo",Rua Frei Caneca, Consolação, São Paulo,-23.5532642,-46.6522722
444,"Rua Sinimbu, Liberdade, São Paulo",Rua Sinimbu, Liberdade, São Paulo,-23.5575148,-46.6314556
448,"Rua Maria Paula, Bela Vista, São Paulo","Rua Maria Paula, Bela Vista, São Paulo",Error,Error,-999,-999
449,"Rua João Adolfo, Republica, São Paulo",Rua João Adolfo, República, São Paulo,-23.5485101,-46.6403778
450,"Rua Afonso Pena, Bom Retiro, São Paulo",Rua Afonso Pena, Bom Retiro, São Paulo,-23.527236,-46.6333851
451,"Rua Francisco Justino de Azevedo, Aclimação, São Paulo",Rua Francisco Justino de Azevedo, Liberdade, São Paulo,-23.5634109,-46.6237957
457,"Rua Conselheiro Furtado, Liberdade, São Paulo",Rua Conselheiro Furtado, Liberdade, São Paulo,-23.561084,-46.6327245
460,"Rua Coronel Xavier de Toledo, Centro, São Paulo",Rua Coronel Xavier de Toledo, República, São Paulo,-23.5460507,-46.6388828
463,"Rua Doutor Cesário Mota Júnior, Consolação, São Paulo",Rua Doutor Cesário Mota Júnior, Consolação, São Paulo,-23.5436966,-46.6489034
466,"Rua Castro Alves, Liberdade, São Paulo",Rua Castro Alves, Liberdade, São Paulo,-23.5698675,-46.6358565
467,"Rua José Getúlio, Liberdade, São Paulo",Rua José Getúlio, Liberdade, São Paulo,-23.56805,-46.6349954
470,"Alameda Joaquim Eugênio de Lima, Bela Vista, São Paulo",Alameda Joaquim Eugênio de Lima, Bela Vista, São Paulo,-23.5643543,-46.6490619
471,"Praça Franklin Roosevelt, Republica, São Paulo",Praça Franklin Roosevelt, República, São Paulo,-23.54869465,-46.64678129316892
475,"Rua Maria Antônia, Consolação, São Paulo",Rua Maria Antônia, Consolação, São Paulo,-23.5467881,-46.6504031
477,"Avenida Prestes Maia, Republica, São Paulo",Avenida Prestes Maia, República, São Paulo,-23.5407276,-46.6340972
479,"Rua das Carmelitas, Liberdade, São Paulo","Rua das Carmelitas, Liberdade, São Paulo",Error,Error,-999,-999
480,"Rua dos Gusmões, Centro, São Paulo",Rua dos Gusmões, República, São Paulo,-23.535552,-46.6370829
481,"Rua Tamandaré, Liberdade, São Paulo",Rua Tamandaré, Liberdade, São Paulo,-23.5602491,-46.6315569
482,"Rua Aurora, Republica, São Paulo",Rua Aurora, República, São Paulo,-23.5422047,-46.6437274
483,"Rua Caetano Pinto, Bras, São Paulo",Rua Caetano Pinto, Brás, São Paulo,-23.5489714,-46.6210138
490,"Rua Barata Ribeiro, Bela Vista, São Paulo",Rua Barata Ribeiro, Bela Vista, São Paulo,-23.5558529,-46.6505512
496,"Rua Vitoria, Republica, São Paulo",Rua Vitória, República, São Paulo,-23.5411253,-46.6443466
497,"Rua Conselheiro Furtado, Aclimação, São Paulo",Rua Conselheiro Furtado, Liberdade, São Paulo,-23.5583381,-46.6329283
503,"Rua da Gloria, Liberdade, São Paulo",Rua da Glória, Liberdade, São Paulo,-23.5599326,-46.6313696
506,"Rua Martins Fontes, republica, São Paulo",Rua Martins Fontes, República, São Paulo,-23.5481678,-46.6428952
508,"Rua Barão de Jaguara, Cambuci, São Paulo",Rua Barão de Jaguara, Cambuci, São Paulo,-23.5594649,-46.6183827
509,"Avenida Rangel Pestana, Bras, São Paulo",Avenida Rangel Pestana, Brás, São Paulo,-23.5458711,-46.6219263
510,"Viaduto Nove de Julho, Republica, São Paulo",Viaduto Nove de Julho, República, São Paulo,-23.5494086,-46.642261
511,"Rua Amaral Gurgel, Republica, São Paulo",Rua Amaral Gurgel, República, São Paulo,-23.542789,-46.6476532
516,"Rua da Glória, Liberdade, São Paulo",Rua da Glória, Liberdade, São Paulo,-23.5599326,-46.6313696
517,"Avenida Ipiranga, Centro, São Paulo",Avenida Ipiranga, República, São Paulo,-23.5416292,-46.63932
522,"Rua Galvão Bueno, Liberdade, São Paulo",Rua Galvão Bueno, Liberdade, São Paulo,-23.5610933,-46.6348397
523,"Rua Humaitá, Bela Vista, São Paulo",Rua Humaitá, Bela Vista, São Paulo,-23.5576844,-46.6422065
526,"Rua 24 de Maio, Republica, São Paulo",Rua 24 de Maio, República, São Paulo,-23.5444986,-46.6392979
530,"Rua Nestor Pestana, Republica, São Paulo",Rua Nestor Pestana, República, São Paulo,-23.5488331,-46.6454508
532,"Rua Senador Feijó, Sé, São Paulo",Rua Senador Feijó, Sé, São Paulo,-23.550523,-46.6353951
533,"Rua Alvaro de Carvalho, republica, São Paulo",Rua Álvaro de Carvalho, República, São Paulo,-23.5494981,-46.6444319
534,"Rua Professor Antônio Prudente, Liberdade, São Paulo",Rua Professor Antônio Prudente, Liberdade, São Paulo,-23.565755,-46.6376163
535,"Rua Cincinato Braga, Bela Vista, São Paulo",Rua Cincinato Braga, Bela Vista, São Paulo,-23.5674522,-46.6471463
536,"Rua Campevas, Sumaré, São Paulo",Rua Campevas, Perdizes, São Paulo,-23.5375132,-46.676139
537,"Rua Augusta, Jardim Paulista, São Paulo",Rua Augusta, Jardim Paulista, São Paulo,-23.563133,-46.6654613
538,"Alameda Santos, Jardim Paulista, São Paulo",Alameda Santos, Jardim Paulista, São Paulo,-23.5566934,-46.6638193
539,"Alameda Barão de Limeira, republica, São Paulo",Alameda Barão de Limeira, República, São Paulo,-23.5403692,-46.6428239
540,"Rua Antônio de Godói, Centro, São Paulo",Rua Antônio de Godói, República, São Paulo,-23.5424109,-46.6378401
541,"Rua Groenlândia, Jardim Paulista, São Paulo",Rua Groenlândia, Jardim Paulista, São Paulo,-23.5791613,-46.668154
542,"Rua José Maria Lisboa, Jardim Paulista, São Paulo",Rua José Maria Lisboa, Jardim Paulista, São Paulo,-23.568141,-46.657909
543,"Rua dos Patriotas, Ipiranga, São Paulo",Rua dos Patriotas, Ipiranga, São Paulo,-23.5834159,-46.6063279
544,"Rua Oscar Freire, Pinheiros, São Paulo",Rua Oscar Freire, Pinheiros, São Paulo,-23.5520959,-46.6778366
546,"Rua Maria Borba, consolação, São Paulo",Rua Maria Borba, Consolação, São Paulo,-23.5471532,-46.6489072
547,"Rua Pedro Pomponazzi, Vila Mariana, São Paulo",Rua Pedro Pomponazzi, Vila Mariana, São Paulo,-23.5899705,-46.6287492
548,"Rua Alexandrino da Silveira Bueno, Cambuci, São Paulo",Rua Alexandrino da Silveira Bueno, Cambuci, São Paulo,-23.5658871,-46.6155755
553,"Rua Dona Adma Jafet, Bela Vista, São Paulo",Rua Dona Adma Jafet, Bela Vista, São Paulo,-23.5581664,-46.6545072
556,"Rua General Osório, Santa Ifigenia, São Paulo",Rua General Osório, República, São Paulo,-23.5361885,-46.6397839
558,"Rua Artur Sabóia, Vila Mariana, São Paulo",Rua Artur Sabóia, Vila Mariana, São Paulo,-23.5767941,-46.6375342
559,"Rua Otávio Nébias, Paraíso, São Paulo",Rua Otávio Nébias, Vila Mariana, São Paulo,-23.5728299,-46.6507355
560,"Rua Cônego Eugênio Leite, Pinheiros, São Paulo",Rua Cônego Eugênio Leite, Pinheiros, São Paulo,-23.5653291,-46.6795985
561,"Alameda Ribeirão Preto, Bela Vista, São Paulo",Alameda Ribeirão Preto, Bela Vista, São Paulo,-23.5642706,-46.6490731
562,"Rua Doutor Seng, Bela Vista, São Paulo",Rua Doutor Seng, Bela Vista, São Paulo,-23.5626863,-46.6498319
566,"Rua Backer, Cambuci, São Paulo",Rua Backer, Cambuci, São Paulo,-23.5681228,-46.6187433
568,"Rua Guarará, Jardim Paulista, São Paulo",Rua Guarará, Jardim Paulista, São Paulo,-23.5726072,-46.6585323
569,"Rua dos Franceses, Bela Vista, São Paulo",Rua dos Franceses, Bela Vista, São Paulo,-23.5582325,-46.6472107
570,"Avenida São João, Centro, São Paulo",Avenida São João, Região Geográfica Intermediária de Campinas, São Paulo,-23.1108112,-46.5574865
572,"Rua João Antônio de Oliveira, Mooca, São Paulo",Rua João Antônio de Oliveira, Mooca, São Paulo,-23.5648128,-46.60255
573,"Rua Barra do Tibaji, Bom Retiro, São Paulo",Rua Barra do Tibaji, Bom Retiro, São Paulo,-23.5216763,-46.6388038
575,"Rua João Ramalho, Perdizes, São Paulo",Rua João Ramalho, Perdizes, São Paulo,-23.5377605,-46.6702183
576,"Rua Visconde da Luz, Itaim, São Paulo",Rua Visconde da Luz, Itaim Bibi, São Paulo,-23.5943384,-46.6768403
577,"Rua Pereira da Nóbrega, Cambuci, São Paulo","Rua Pereira da Nóbrega, Cambuci, São Paulo",Error,Error,-999,-999
578,"Rua Ministro Godói, Perdizes, São Paulo",Rua Ministro Godói, Perdizes, São Paulo,-23.5426944,-46.675753
579,"Rua Carneiro Leão, Bras, São Paulo",Rua Carneiro Leão, Brás, São Paulo,-23.5507899,-46.6221584
580,"Rua Caraíbas, Vila Pompéia, São Paulo",Rua Caraíbas, Perdizes, São Paulo,-23.5380486,-46.6864408
581,"Rua Cristiano Viana, Pinheiros, São Paulo",Rua Cristiano Viana, Pinheiros, São Paulo,-23.5522083,-46.682116
582,"Rua França Pinto, Vila Mariana, São Paulo",Rua França Pinto, Vila Mariana, São Paulo,-23.5850177,-46.6368945
583,"Rua Dona Brígida, Vila Mariana, São Paulo",Rua Dona Brígida, Vila Mariana, São Paulo,-23.5863525,-46.6301135
584,"Rua Agostinho Gomes, Ipiranga, São Paulo",Rua Agostinho Gomes, Ipiranga, São Paulo,-23.6012718,-46.6027603
585,"Alameda Fernão Cardim, Jardim Paulista, São Paulo",Alameda Fernão Cardim, Jardim Paulista, São Paulo,-23.5688157,-46.6533005
587,"Rua Martiniano de Carvalho, Bela Vista, São Paulo",Rua Martiniano de Carvalho, Bela Vista, São Paulo,-23.565349,-46.6426981
588,"Alameda Campinas, Jardim Paulista, São Paulo",Alameda Campinas, Jardim Paulista, São Paulo,-23.5650588,-46.6524026
590,"Rua Professor João Arruda, Perdizes, São Paulo",Rua Professor João Arruda, Perdizes, São Paulo,-23.5417085,-46.6754221
591,"Rua Apinajés, Sumaré, São Paulo",Rua Apinajés, Perdizes, São Paulo,-23.545595,-46.6859993
592,"Rua Joinville, Paraíso, São Paulo",Rua Joinville, Moema, São Paulo,-23.5823097,-46.6507017
593,"Rua dos Sorocabanos, Ipiranga, São Paulo",Rua dos Sorocabanos, Ipiranga, São Paulo,-23.5798176,-46.6055726
594,"Rua Eugênio de Freitas, Vila Guilherme, São Paulo",Rua Eugênio de Freitas, Vila Guilherme, São Paulo,-23.5195533,-46.5977763
596,"Alameda Jaú, Jardim Paulista, São Paulo",Alameda Jaú, Jardim Paulista, São Paulo,-23.5655349,-46.6555483
597,"Rua Guaianases, Centro, São Paulo",Rua Guaianases, Santa Cecília, São Paulo,-23.5351792,-46.6446611
600,"Rua Matias Aires, Consolação, São Paulo",Rua Matias Aires, Consolação, São Paulo,-23.5548768,-46.6582633
601,"Rua Talmud Thorá, Bom Retiro, São Paulo",Rua Talmud Thorá, Bom Retiro, São Paulo,-23.526042,-46.6384994
602,"Rua Alves Guimarães, Pinheiros, São Paulo",Rua Alves Guimarães, Pinheiros, São Paulo,-23.5502775,-46.6821081
603,"Rua Alagoas, Higienópolis, São Paulo",Rua Alagoas, Consolação, São Paulo,-23.5464984,-46.6580914
605,"Avenida Rio Branco, Santa Cecilia, São Paulo",Avenida Rio Branco, Santa Cecília, São Paulo,-23.5329942,-46.6450457
607,"Rua Sapucaia, Mooca, São Paulo",Rua Sapucaia, Mooca, São Paulo,-23.5534335,-46.5903842
610,"Rua Brigadeiro Galvão, Santa cecilia, São Paulo",Rua Brigadeiro Galvão, Santa Cecília, São Paulo,-23.5312031,-46.6565398
611,"Rua Padre João Manuel, Jardim Paulista, São Paulo",Rua Padre João Manuel, Jardim Paulista, São Paulo,-23.5631339,-46.6635556
613,"Rua Gaspar Fernandes, Cambuci, São Paulo",Rua Gaspar Fernandes, Cambuci, São Paulo,-23.5750324,-46.6156866
614,"Rua Lord Cockrane, Ipiranga, São Paulo",Rua Lord Cockrane, Ipiranga, São Paulo,-23.5927863,-46.6023899
615,"Rua Doutor Genésio Pereira, Santana, São Paulo",Rua Doutor Genésio Pereira, Santana, São Paulo,-23.5080942,-46.6182947
616,"Rua Conselheiro Cotegipe, Belém, São Paulo",Rua Conselheiro Cotegipe, Belém, São Paulo,-23.5375823,-46.586554
618,"Rua Margarida, Barra Funda, São Paulo",Rua Margarida, Barra Funda, São Paulo,-23.529509,-46.6616659
619,"Rua Doutor Franco da Rocha, Perdizes, São Paulo",Rua Doutor Franco da Rocha, Perdizes, São Paulo,-23.5343465,-46.6711547
621,"Rua Manuel da Nóbrega, Paraíso, São Paulo",Rua Manuel da Nóbrega, Moema, São Paulo,-23.5771357,-46.6567853
622,"Avenida Lins de Vasconcelos, Cambuci, São Paulo",Avenida Lins de Vasconcelos, Cambuci, São Paulo,-23.5633695,-46.620845
623,"Rua João Moura, Pinheiros, São Paulo",Rua João Moura, Pinheiros, São Paulo,-23.5511279,-46.6853513
624,"Rua Marina Crespi, Mooca, São Paulo",Rua Marina Crespi, Mooca, São Paulo,-23.5551686,-46.60422
628,"Rua Major Sertório, Consolação, São Paulo",Rua Major Sertório, Consolação, São Paulo,-23.5454018,-46.6479441
631,"Rua Leopoldo Couto de Magalhães Júnior, Itaim Bibi, São Paulo",Rua Leopoldo Couto de Magalhães Júnior, Itaim Bibi, São Paulo,-23.5869091,-46.675661
634,"Rua Doutor Alfredo de Castro, Barra Funda, São Paulo",Rua Doutor Alfredo de Castro, Barra Funda, São Paulo,-23.5272976,-46.6630394
635,"Rua Almirante Brasil, Mooca, São Paulo",Rua Almirante Brasil, Mooca, São Paulo,-23.5495956,-46.6082316
636,"Rua Taquarytinga, Mooca, São Paulo",Rua Taquaritinga, Mooca, São Paulo,-23.5489436,-46.5938137
637,"Rua do Oratório, Mooca, São Paulo",Rua do Oratório, Mooca, São Paulo,-23.5713489,-46.5812576
638,"Rua Doutor Guilherme Bannitz,Moema, São Paulo",Rua Doutor Guilherme Bannitz, Moema, São Paulo,-23.589201,-46.673239
641,"Rua Heitor Peixoto, Cambuci, São Paulo",Rua Heitor Peixoto, Cambuci, São Paulo,-23.5760781,-46.618517
642,"Avenida Doutor Ricardo Jafet, Vila Mariana, São Paulo",Avenida Doutor Ricardo Jafet, Vila Mariana, São Paulo,-23.5872215,-46.6196156
643,"Rua Diana, Perdizes, São Paulo",Rua Diana, Perdizes, São Paulo,-23.5338447,-46.6816779
645,"Rua Cajuru, Belém, São Paulo",Rua Cajurú, Belém, São Paulo,-23.5410996,-46.5959458
646,"Alameda Franca, Jardim Paulista, São Paulo",Alameda Franca, Jardim Paulista, São Paulo,-23.5673751,-46.6571424
647,"Rua Bela Cintra, Jardim Paulista, São Paulo",Rua Bela Cintra, Jardim Paulista, São Paulo,-23.561172,-46.6668793
649,"Rua Joaquim Antunes, Pinheiros, São Paulo",Rua Joaquim Antunes, Pinheiros, São Paulo,-23.566376,-46.6798181
652,"Avenida Tiradentes, Bom Retiro, São Paulo",Avenida Tiradentes, Bom Retiro, São Paulo,-23.5343894,-46.6331668
654,"Rua Jaguaribe, Santa Cecília, São Paulo",Rua Jaguaribe, Consolação, São Paulo,-23.5416438,-46.6522127
657,"Rua Cônego Antônio Lessa, Mooca, São Paulo",Rua Cônego Antônio Lessa, Mooca, São Paulo,-23.5691782,-46.5955756
658,"Rua Tabapuã, Itaim Bibi, São Paulo",Rua Tabapuã, Itaim Bibi, São Paulo,-23.5848612,-46.6821431
660,"Rua Ipanema, Mooca, São Paulo",Rua Ipanema, Mooca, São Paulo,-23.5473431,-46.6071755
661,"Rua René Zamlutti, Vila Mariana, São Paulo",Rua Rene Zamlutti, Vila Mariana, São Paulo,-23.5912491,-46.6236386
663,"Avenida Rudge, Bom Retiro, São Paulo",Avenida Rudge, Bom Retiro, São Paulo,-23.5268913,-46.648165
664,"Rua José Bento, Cambuci, São Paulo",Rua José Bento, Cambuci, São Paulo,-23.5634221,-46.6164939
665,"Rua Benedito Lapin, Itaim, São Paulo",Rua Benedito Lapin, Itaim Bibi, São Paulo,-23.5874635,-46.67364
668,"Rua Saint Hilaire, Jardim Paulista, São Paulo",Rua Saint-Hilaire, Jardim Paulista, São Paulo,-23.5703489,-46.654829
669,"Avenida Brigadeiro Luís Antônio, Paraíso, São Paulo",Avenida Brigadeiro Luís Antônio, Vila Mariana, São Paulo,-23.5729316,-46.6545191
671,"Rua Tomás Carvalhal, Paraíso, São Paulo",Rua Tomás Carvalhal, Vila Mariana, São Paulo,-23.5758487,-46.6431749
672,"Rua Doutor Tomás Carvalhal, Paraíso, São Paulo","Rua Doutor Tomás Carvalhal, Paraíso, São Paulo",Error,Error,-999,-999
673,"Rua Doutor Rafael de Barros, Paraíso, São Paulo",Rua Doutor Rafael de Barros, Vila Mariana, São Paulo,-23.5729536,-46.6472486
675,"Alameda Casa Branca, Jardim Paulista, São Paulo",Alameda Casa Branca, Jardim Paulista, São Paulo,-23.5653784,-46.6592861
676,"Rua Solon, Bom Retiro, São Paulo",Rua Solon, Bom Retiro, São Paulo,-23.5242212,-46.6414916
677,"Rua Jaraguá, Bom Retiro, São Paulo",Rua Jaraguá, Bom Retiro, São Paulo,-23.5234627,-46.6454011
678,"Rua Cajuru, Belem, São Paulo",Rua Cajurú, Belém, São Paulo,-23.5410996,-46.5959458
679,"Rua Iguatemi, Itaim Bibi, São Paulo",Rua Iguatemi, Itaim Bibi, São Paulo,-23.5831391,-46.6831183
680,"Rua Barão de Tatuí, Santa Cecília, São Paulo",Rua Barão de Tatuí, Santa Cecília, São Paulo,-23.5382454,-46.6538922
681,"Rua Marquês de Abrantes, Belém, São Paulo",Rua Marquês de Abrantes, Belém, São Paulo,-23.5364053,-46.5856815
682,"Rua Doutor Albuquerque Lins, Santa Cecília, São Paulo",Rua Doutor Albuquerque Lins, Santa Cecília, São Paulo,-23.5341344,-46.6553982
685,"Avenida Nove de Julho, Bela Vista, São Paulo",Avenida Nove de Julho, República, São Paulo,-23.5512511,-46.6462343
687,"Rua Doutor Siqueira Campos, Liberdade, São Paulo",Rua Doutor Siqueira Campos, Liberdade, São Paulo,-23.5636982,-46.6366231
689,"Rua doutor Rubens Meireles, São Paulo",Rua Doutor Rubens Meireles, Barra Funda, São Paulo,-23.5198562,-46.6657869
690,"Rua João Rudge, Casa Verde, São Paulo",Rua João Rudge, Casa Verde, São Paulo,-23.511202,-46.6573235
691,"Rua Guarapuava, Mooca, São Paulo",Rua Guarapuava, Mooca, São Paulo,-23.5477706,-46.6050987
692,"Rua Araritaguaba, Vila Maria , São Paulo",Rua Araritaguaba, Vila Maria, São Paulo,-23.510306,-46.5887669
695,"Rua Nilo, Aclimação, São Paulo",Rua Nilo, Vila Mariana, São Paulo,-23.5753527,-46.6379789
697,"Rua Cotoxó, Vila Pompéia, São Paulo",Rua Cotoxó, Perdizes, São Paulo,-23.5368975,-46.6883302
698,"Rua Cunha Gago, Pinheiros, São Paulo",Rua Cunha Gago, Pinheiros, São Paulo,-23.5625079,-46.693739
699,"Rua Marquês de Valença, Mooca, São Paulo",Rua Marquês de Valença, Mooca, São Paulo,-23.5583776,-46.5929793
701,"Avenida Raimundo Pereira de Magalhães, Lapa, São Paulo",Avenida Raimundo Pereira de Magalhães, Lapa, São Paulo,-23.5113708,-46.7144549
702,"Rua Fernando Falcão, Mooca, São Paulo",Rua Fernando Falcão, Mooca, São Paulo,-23.5585867,-46.5861881
705,"Rua Aureliano Coutinho, Santa Cecília, São Paulo",Rua Aureliano Coutinho, Santa Cecília, São Paulo,-23.5417108,-46.6531809
706,"Rua Paraguassu, Perdizes, São Paulo",Rua Paraguassu, Perdizes, São Paulo,-23.5342104,-46.6669627
708,"Alameda Joaquim Eugênio de Lima, Jardim Paulista, São Paulo",Alameda Joaquim Eugênio de Lima, Jardim Paulista, São Paulo,-23.5706386,-46.6553073
709,"Avenida Horácio Lafer, Itaim Bibi, São Paulo",Avenida Horácio Lafer, Itaim Bibi, São Paulo,-23.5872618,-46.6813833
711,"Rua João Moura, Vila Madalena, São Paulo",Rua João Moura, Pinheiros, São Paulo,-23.5511279,-46.6853513
712,"Rua Orobó, Alto de Pinheiros, São Paulo",Rua Orobó, Alto de Pinheiros, São Paulo,-23.5501266,-46.7149924
713,"Rua Ipomeias, Vila Prudente, São Paulo",Rua das Ipoméias, Vila Prudente, São Paulo,-23.5991913,-46.5734829
714,"Rua Frei Mont'alverne, Vila Aricanduva, São Paulo",Rua Frei Mont'Alverne, Vila Matilde, São Paulo,-23.5358142,-46.5376397
717,"Rua Elisiário, Tatuapé, São Paulo","Rua Elisiário, Tatuapé, São Paulo",Error,Error,-999,-999
720,"Rua Marechal Barbacena, Jardim Anália Franco, São Paulo",Rua Marechal Barbacena, Água Rasa, São Paulo,-23.5533983,-46.5785222
721,"Rua Iguará, Vila Alpina, São Paulo",Rua Iguará, Vila Prudente, São Paulo,-23.5977011,-46.5555704
723,"Rua dos Pinheiros, Pinheiros, São Paulo",Rua dos Pinheiros, Pinheiros, São Paulo,-23.565361,-46.6822257
724,"Rua Arariba, Jardim Anália Franco, São Paulo","Rua Arariba, Jardim Anália Franco, São Paulo",Error,Error,-999,-999
725,"Rua Ida Moreira, Tatuapé, São Paulo",Rua Ida Moreira, Carrão, São Paulo,-23.5421764,-46.5566405
726,"Rua Fradique Coutinho, Pinheiros, São Paulo",Rua Fradique Coutinho, Pinheiros, São Paulo,-23.5518523,-46.6942958
731,"Rua Tenente Gelás, Tatuapé, São Paulo",Rua Tenente Gelas, Tatuapé, São Paulo,-23.5296157,-46.5582327
733,"Rua São Serafim, Penha de França, São Paulo",Rua São Serafim, Penha, São Paulo,-23.5290704,-46.5380692
734,"Rua Henrique Casela, Penha de França, São Paulo",Rua Henrique Casela, Penha, São Paulo,-23.5193931,-46.5525112
737,"Rua Bueno de Andrade, Liberdade, São Paulo",Rua Bueno de Andrade, Liberdade, São Paulo,-23.562336,-46.631661
738,"Rua dos Ciclames, Vila Prudente, São Paulo",Rua dos Ciclames, Vila Prudente, São Paulo,-23.5933774,-46.5755615
739,"Avenida Paulista, Paraiso, São Paulo",Avenida Paulista, Jardim Paulista, São Paulo,-23.5678438,-46.6488826
742,"Rua Pedroso Alvarenga, Itaim Bibi, São Paulo",Rua Pedroso Alvarenga, Itaim Bibi, São Paulo,-23.5820619,-46.6793438
743,"Rua Borges de Figueiredo, Mooca, São Paulo",Rua Borges de Figueiredo, Mooca, São Paulo,-23.5667527,-46.6028006
748,"Rua Vitória, Centro, São Paulo",Rua Vitória, Região Geográfica Intermediária de Ribeirão Preto, São Paulo,-21.1801137,-47.8213497
749,"Rua da Consolação, Jardim Paulista, São Paulo",Rua da Consolação, Jardim Paulista, São Paulo,-23.5566194,-46.664025
750,"Rua Tuim, Moema, São Paulo",Rua Tuim, Moema, São Paulo,-23.601622,-46.6702352
751,"Rua Arauto, Vila Leopoldina, São Paulo",Rua Arauto, Vila Leopoldina, São Paulo,-23.5336151,-46.7232184
752,"Rua Santa Isabel, Vila Buarque, São Paulo",Rua Santa Isabel, República, São Paulo,-23.5427925,-46.6466485
754,"Praça da República, Republica, São Paulo",Praça da República, República, São Paulo,-23.543171200000003,-46.64252052009493
755,"Avenida Casa Verde, Casa Verde, São Paulo",Avenida Casa Verde, Santana, São Paulo,-23.4997162,-46.6452083
756,"Rua Peixoto Gomide, Consolação, São Paulo",Rua Peixoto Gomide, Consolação, São Paulo,-23.5568375,-46.6555211
757,"Rua Dona Estela Borges Morato, Freguesia do Ó, São Paulo","Rua Dona Estela Borges Morato, Freguesia do Ó, São Paulo",Error,Error,-999,-999
758,"Rua doutor Guilherme Bannitz, Moema, São Paulo",Rua Doutor Guilherme Bannitz, Moema, São Paulo,-23.589201,-46.673239
759,"Rua Doutor Nicolau de Sousa Queirós, Vila Mariana, São Paulo",Rua Doutor Nicolau de Sousa Queirós, Vila Mariana, São Paulo,-23.5780044,-46.6402897
762,"Rua Kabul, Vila Leopoldina, São Paulo",Rua Kabul, Vila Leopoldina, São Paulo,-23.5335777,-46.721832
763,"Rua Bruno Cavalcanti Feder, Vila Prudente, São Paulo",Rua Bruno Cavalcânti Feder, Vila Prudente, São Paulo,-23.5929444,-46.5815746
768," Rua Fernando de Albuquerque, Consolação, São Paulo",Rua Fernando de Albuquerque, Consolação, São Paulo,-23.5540857,-46.6576516
770,"Rua Araguaia, Canindé, São Paulo",Rua Araguaia, Pari, São Paulo,-23.526895,-46.6211782
771,"Avenida Paulista, Consolação, São Paulo",Avenida Paulista, Consolação, São Paulo,-23.5570003,-46.6612482
774,"Rua Condessa de São Joaquim, Bela Vista, São Paulo",Rua Condessa de São Joaquim, Bela Vista, São Paulo,-23.5576557,-46.6399115
776,"Rua Araguai, Canindé, São Paulo","Rua Araguai, Canindé, São Paulo",Error,Error,-999,-999
779,"Rua Serra de Japi, Tatuapé, São Paulo",Rua Serra de Japi, Tatuapé, São Paulo,-23.5460635,-46.5688534
780,"Rua Aurora, republica, São Paulo",Rua Aurora, República, São Paulo,-23.5422047,-46.6437274
781,"Rua Emílio Rodrigues, Vila Guilherme, São Paulo",Rua Emilio Rodrigues, Vila Guilherme, São Paulo,-23.5013748,-46.6059848
782,"Rua General Góis Monteiro, Perdizes, São Paulo",Rua General Góis Monteiro, Perdizes, São Paulo,-23.5416719,-46.6929667
783,"Rua Padre Raposo, Mooca, São Paulo",Rua Padre Raposo, Mooca, São Paulo,-23.5590297,-46.5977206
784,"Rua Anália Franco, Jardim Anália Franco, São Paulo",Rua Anália Franco, Água Rasa, São Paulo,-23.5567786,-46.5719539
785,"Rua Olímpia de Almeida Prado, Santa Cecilia, São Paulo",Rua Olímpia de Almeida Prado, Santa Cecília, São Paulo,-23.5319565,-46.6571801
786,"Rua Mota Pais, Lapa, São Paulo",Rua Mota Pais, Lapa, São Paulo,-23.5359407,-46.7020178
788,"Rua Chui, Vila Mariana, São Paulo","Rua Chui, Vila Mariana, São Paulo",Error,Error,-999,-999
792,"Rua Aibi, Lapa, São Paulo",Rua Aibi, Alto de Pinheiros, São Paulo,-23.5401904,-46.7041987
794,"Rua Passos, Belém, São Paulo",Rua Passos, Belém, São Paulo,-23.5385066,-46.5935926
798,"Rua Coronel Diogo, Liberdade, São Paulo",Rua Coronel Diogo, Vila Mariana, São Paulo,-23.5782809,-46.6261166
799,"Avenida Alcântara Machado, Mooca, São Paulo",Avenida Alcântara Machado, Mooca, São Paulo,-23.5505338,-46.6074466
800,"Rua Paula Ney, Vila Mariana, São Paulo",Rua Paula Ney, Vila Mariana, São Paulo,-23.5817386,-46.6332559
802,"Avenida Conselheiro Rodrigues Alves, Vila Mariana, São Paulo",Avenida Conselheiro Rodrigues Alves, Vila Mariana, São Paulo,-23.5848675,-46.6444383
804,"Rua Catumbi, Belém, São Paulo",Rua Catumbi, Belém, São Paulo,-23.5328713,-46.6012397
805,"Rua Maria Eugênia, Tatuapé, São Paulo",Rua Maria Eugênia, Tatuapé, São Paulo,-23.5323757,-46.5733747
806,"Rua Borges de Barros, Alto de Pinheiros, São Paulo",Rua Borges de Barros, Alto de Pinheiros, São Paulo,-23.545247,-46.6945523
807,"Rua Doutor Veiga Filho, Higienópolis, São Paulo",Rua Doutor Veiga Filho, Consolação, São Paulo,-23.5405542,-46.6585906
808,"Rua Francisco Leitão, Pinheiros, São Paulo",Rua Francisco Leitão, Pinheiros, São Paulo,-23.5619498,-46.6807366
809,"Avenida Armando Ferrentini, Aclimação, São Paulo",Avenida Armando Ferrentini, Vila Mariana, São Paulo,-23.5790103,-46.6373958
810,"Rua Paulistânia, Alto de Pinheiros, São Paulo",Rua Paulistânia, Alto de Pinheiros, São Paulo,-23.5467932,-46.6921502
811,"Rua Engenheiro Sá Rocha, Alto de Pinheiros, São Paulo",Rua Engenheiro Sá Rocha, Alto de Pinheiros, São Paulo,-23.5441279,-46.7095435
812,"Rua Serra de Botucatu, Tatuapé, São Paulo",Rua Serra de Botucatu, Tatuapé, São Paulo,-23.5443388,-46.57057
813,"Rua Alice Macuco Alves, Alto de Pinheiros, São Paulo",Rua Alice Macuco Alves, Alto de Pinheiros, São Paulo,-23.539584,-46.7058626
814,"Avenida Conceição, Santana, São Paulo",Avenida Conceição, Vila Guilherme, São Paulo,-23.4997041,-46.6072658
817,"Rua Edgar de Sousa, Vila Matilde, São Paulo",Rua Edgar de Sousa, Vila Matilde, São Paulo,-23.5364476,-46.5409263
819,"Avenida Cardeal Motta, City América, São Paulo","Avenida Cardeal Motta, City América, São Paulo",Error,Error,-999,-999
821,"Rua Professor Carlos Cattony, Paraiso, São Paulo",Rua Professor Carlos Cattony, Vila Mariana, São Paulo,-23.5778423,-46.6435233
822,"Rua Muniz de Sousa, Aclimação, São Paulo",Rua Francisco Justino de Azevedo, Liberdade, São Paulo,-23.5634109,-46.6237957
823,"Rua Guaranésia, Vila Maria , São Paulo",Rua Guaranésia, Vila Maria, São Paulo,-23.5199516,-46.5923966
824,"Rua Gilberto Sabino, Pinheiros, São Paulo",Rua Gilberto Sabino, Pinheiros, São Paulo,-23.5671029,-46.7011592
826,"Rua Henrique Monteiro, Pinheiros, São Paulo",Rua Henrique Monteiro, Pinheiros, São Paulo,-23.5694081,-46.6897615
827,"Rua Visconde de Pirajá, Ipiranga, São Paulo",Rua Visconde de Pirajá, Ipiranga, São Paulo,-23.6015034,-46.6128447
828,"Avenida Raimundo Pereira de Magalhães, Pirituba, São Paulo",Avenida Raimundo Pereira de Magalhães, Jaraguá, São Paulo,-23.4625252,-46.7210707
829,"Rua Artur de Azevedo, Pinheiros, São Paulo",Rua Artur de Azevedo, Jardim Paulista, São Paulo,-23.5612082,-46.6793323
830,"Rua Boturoca, Butantã, São Paulo",Rua Boturoca, Butantã, São Paulo,-23.5722395,-46.7280852
833,"Rua George Smith, Lapa, São Paulo",Rua George Smith, Lapa, São Paulo,-23.5200904,-46.7053809
834,"Rua Alonso Calhamares, Jardim Anália Franco, São Paulo",Rua Alonso Calhamares, Tatuapé, São Paulo,-23.5536647,-46.5668413
835,"Rua 28 de Setembro, Ipiranga, São Paulo",Rua 28 de Setembro, Ipiranga, São Paulo,-23.6033372,-46.6105281
837,"Rua Batista Caetano, Aclimação, São Paulo",Rua Batista Caetano, Liberdade, São Paulo,-23.5769797,-46.6277292
838,"Travessa Vera Lucia, Tatuapé, São Paulo",Travessa Vera Lúcia, Tatuapé, São Paulo,-23.5446009,-46.5616642
840,"Rua Pio Xi, Alto de Pinheiros, São Paulo",Rua Pio XI, Alto de Pinheiros, São Paulo,-23.5366406,-46.7139318
841,"Avenida Deputado Emílio Carlos, Casa Verde, São Paulo",Avenida Deputado Emílio Carlos, Limão, São Paulo,-23.4980941,-46.6758721
842,"Rua Edgar de Sousa, Vila Aricanduva, São Paulo",Rua Edgar de Sousa, Vila Matilde, São Paulo,-23.5364476,-46.5409263
844,"Rua Ligiana, Água Rasa, São Paulo",Rua Ligiana, Água Rasa, São Paulo,-23.5749795,-46.5630174
845,"Rua Eugênio de Medeiros, Pinheiros, São Paulo",Rua Eugênio de Medeiros, Pinheiros, São Paulo,-23.5682662,-46.7003857
846,"Rua Doutor Virgílio de Carvalho Pinto, Pinheiros, São Paulo",Rua Doutor Virgílio de Carvalho Pinto, Pinheiros, São Paulo,-23.5610705,-46.6852294
849,"Rua Coronel Carlos Oliva, Tatuapé, São Paulo",Rua Coronel Carlos Oliva, Tatuapé, São Paulo,-23.5378597,-46.5728436
850,"Avenida Nove de Julho, Jardim Paulista, São Paulo",Avenida Nove de Julho, Jardim Paulista, São Paulo,-23.570194,-46.6619634
851,"Av. Cidade Jardim, Itaim Bibi, São Paulo",Avenida Cidade Jardim, Itaim Bibi, São Paulo,-23.5817206,-46.6848035
853,"Avenida Paula Ferreira, Freguesia do Ó, São Paulo",Avenida Paula Ferreira, Freguesia do Ó, São Paulo,-23.5018478,-46.7064336
854,"Rua Butantã, Pinheiros, São Paulo",Rua Butantã, Pinheiros, São Paulo,-23.5697661,-46.697469
855,"Rua Fernão Dias, Pinheiros, São Paulo",Rua Fernão Dias, Pinheiros, São Paulo,-23.5666809,-46.695558
856,"Rua Paraíso, Aclimação, São Paulo","Rua Paraíso, Aclimação, São Paulo",Error,Error,-999,-999
857,"Rua Loureiro da Cruz, Liberdade, São Paulo",Rua Loureiro da Cruz, Liberdade, São Paulo,-23.5685994,-46.6357752
858,"Rua do Paraíso, 667 - Paraíso, São Paulo - Sp, Brasil, Aclimação, São Paulo",Rua do Paraíso, Vila Mariana, São Paulo,-23.5739321,-46.6392283
860,"Rua Paulo Orozimbo, Aclimação, São Paulo",Rua Paulo Orozimbo, Liberdade, São Paulo,-23.5758533,-46.6261596
862,"Avenida da Aclimação, Aclimação, São Paulo",Avenida da Aclimação, Liberdade, São Paulo,-23.5728621,-46.6327084
863,"Rua Urano, Liberdade, São Paulo",Rua Urano, Liberdade, São Paulo,-23.5699001,-46.6356918
868,"Rua do Paraíso, Aclimação, São Paulo",Rua do Paraíso, Vila Mariana, São Paulo,-23.5743178,-46.6380066
872,"Rua Schilling, Vila Leopoldina, São Paulo",Rua Schilling, Vila Leopoldina, São Paulo,-23.5302798,-46.7282767
873,"Rua Marapuama, Lapa, São Paulo",Rua Marapuama, Lapa, São Paulo,-23.5280357,-46.7088895
877,"Rua Paulo Franco, Vila Leopoldina, São Paulo",Rua Paulo Franco, Vila Leopoldina, São Paulo,-23.534171,-46.7263446
878,"Rua Dom João V, Lapa, São Paulo",Rua Dom João V, Lapa, São Paulo,-23.5193785,-46.7097377
879,"Rua Presidente Antonio Candido, Alto da Lapa, São Paulo",Rua Presidente Antônio Cândido, Lapa, São Paulo,-23.5323971,-46.7131356
880,"Rua Nagel, Vila Leopoldina, São Paulo",Rua Nagel, Vila Leopoldina, São Paulo,-23.5316372,-46.7326287
881,"Rua Filipinas, Alto da Lapa, São Paulo",Rua Filipinas, Alto de Pinheiros, São Paulo,-23.5357485,-46.7174304
883,"Rua Marquês de Paraná, Mandaqui, São Paulo",Rua Marques, Mandaqui, São Paulo,-23.4684883,-46.6314777
886,"Rua Passo da Pátria, Vila Leopoldina, São Paulo",Rua Passo da Pátria, Vila Leopoldina, São Paulo,-23.528766,-46.7250746
887,"Rua Jorge Americano, Alto da Lapa, São Paulo",Rua Jorge Americano, Vila Leopoldina, São Paulo,-23.5324401,-46.7181701
891,"Rua Natingui, Vila Madalena, São Paulo",Rua Natingui, Alto de Pinheiros, São Paulo,-23.5576661,-46.698522
894,"Rua Isabel de Castela, Vila Madalena, São Paulo","Rua Isabel de Castela, Vila Madalena, São Paulo",Error,Error,-999,-999
899,"Avenida Arruda Botelho, Alto de Pinheiros, São Paulo",Avenida Arruda Botelho, Alto de Pinheiros, São Paulo,-23.5507433,-46.7180376
900,"Rua Doutor José Rodrigues Alves Sobrinho, Alto de Pinheiros, São Paulo",Rua Doutor José Rodrigues Alves Sobrinho, Alto de Pinheiros, São Paulo,-23.5524684,-46.7190389
902,"Rua Desembargador Ferreira França, Alto de Pinheiros, São Paulo",Rua Desembargador Ferreira França, Alto de Pinheiros, São Paulo,-23.5554425,-46.6999318
903,"Avenida Diógenes Ribeiro de Lima, Alto de Pinheiros, São Paulo",Avenida Diógenes Ribeiro de Lima, Alto de Pinheiros, São Paulo,-23.5448812,-46.7146259
907,"Rua Andréa Feliciani, Artur Alvim, São Paulo",Rua Andréa Feliciani, Artur Alvim, São Paulo,-23.5486493,-46.4806807
908,"Rua Waldemar Mancini, Itaquera, São Paulo",Rua Waldemar Mancini, Itaquera, São Paulo,-23.5488686,-46.458161
909,"Rua São Gonçalo do Piauí, Itaquera, São Paulo","Rua São Gonçalo do Piauí, Itaquera, São Paulo",Error,Error,-999,-999
910,"Avenida Itaquera, Itaquera, São Paulo",Avenida Itaquera, Itaquera, São Paulo,-23.5507216,-46.4631299
911,"Rua Davi Banderali, Artur Alvim, São Paulo",Rua Davi Banderali, Artur Alvim, São Paulo,-23.549833,-46.4783196
912,"Rua Castelo do Piaui, Itaquera, São Paulo",Rua Castelo do Piauí, Itaquera, São Paulo,-23.5437541,-46.4614754
913,"Rua Casa do Trem, Itaquera, São Paulo",Rua Casa do Trem, Itaquera, São Paulo,-23.537193,-46.4643319
914,"Rua Manuel Ribas, Itaquera, São Paulo",Rua Manuel Ribas, Itaquera, São Paulo,-23.5368585,-46.4621291
915,"Avenida Diogo José Machado, Itaquera, São Paulo",Avenida Diogo José Machado, Itaquera, São Paulo,-23.5359396,-46.4591957
916,"Rua Conselheiro Brotero, Consolação, São Paulo",Rua Conselheiro Brotero, Consolação, São Paulo,-23.5401151,-46.6615179
917,"Rua Conselheiro Brotero, Santa Cecília, São Paulo",Rua Conselheiro Brotero, Santa Cecília, São Paulo,-23.5284638,-46.655401
918,"Avenida Francisco Matarazzo, Barra Funda, São Paulo",Avenida Francisco Matarazzo, Barra Funda, São Paulo,-23.5257003,-46.6790338
921,"Rua Tobias Barreto, Belém, São Paulo",Rua Tobias Barreto, Belém, São Paulo,-23.543512,-46.5818703
922,"Rua Serra da Bocaina, Belém, São Paulo",Rua Serra da Bocaina, Belém, São Paulo,-23.5460527,-46.5862581
924,"Avenida Álvaro Ramos, Belém, São Paulo",Avenida Álvaro Ramos, Belém, São Paulo,-23.5445494,-46.5860172
925,"Avenida Alcântara Machado, Belém, São Paulo",Avenida Alcântara Machado, Belém, São Paulo,-23.54247,-46.5833658
926,"Rua dos Trilhos, Mooca, São Paulo",Rua dos Trilhos, Mooca, São Paulo,-23.5539046,-46.5960146
927,"Rua Cônego Vicente Miguel Marino, Bom Retiro, São Paulo",Rua Cônego Vicente Miguel Marino, Santa Cecília, São Paulo,-23.5269399,-46.6504389
928,"Rua Newton Prado, Bom Retiro, São Paulo",Rua Newton Prado, Bom Retiro, São Paulo,-23.524272,-46.6401966
932,"Rua Joaquim Murtinho, Bom Retiro, São Paulo",Rua Joaquim Murtinho, Bom Retiro, São Paulo,-23.5265356,-46.6362888
935,"Rua Jaíba, Ipiranga, São Paulo",Rua Jaiba, Ipiranga, São Paulo,-23.6077592,-46.6114504
936,"Rua Doutor Francisco José Longo, Chácara Inglesa, São Paulo","Rua Doutor Francisco José Longo, Chácara Inglesa, São Paulo",Error,Error,-999,-999
937,"Rua Jaci, Chácara Inglesa, São Paulo",Rua Jaci, Saúde, São Paulo,-23.6058361,-46.6284032
938,"Rua Correia de Lemos, Chácara Inglesa, São Paulo",Rua Correia de Lemos, Saúde, São Paulo,-23.6071445,-46.6343654
939,"Avenida Itaboraí, Bosque da Saude, São Paulo",Avenida Itaboraí, Cursino, São Paulo,-23.6089,-46.6265542
940,"Rua Guiratinga, Chácara Inglesa, São Paulo",Rua Guiratinga, Saúde, São Paulo,-23.6033226,-46.6286527
942,"Avenida Padre Antônio José dos Santos, Itaim, São Paulo",Avenida Padre Antônio José dos Santos, Itaim Bibi, São Paulo,-23.6120542,-46.6844052
943,"Rua Gabriele D'annunzio, Campo Belo, São Paulo",Rua Gabrielle D'Annunzio, Campo Belo, São Paulo,-23.6189391,-46.680991
944,"Rua Demóstenes, Campo Belo, São Paulo",Rua Demóstenes, Campo Belo, São Paulo,-23.6162211,-46.6740005
948,"Rua Arizona, Brooklin, São Paulo",Rua Arizona, Itaim Bibi, São Paulo,-23.6170664,-46.6848375
949,"Rua João de Sousa Dias 520, Campo Belo, São Paulo",Rua João de Sousa Dias, Campo Belo, São Paulo,-23.6259808,-46.6684096
950,"Rua Nicolau Barreto, Brooklin, São Paulo",Rua Nicolau Barreto, Itaim Bibi, São Paulo,-23.6193111,-46.6927251
951,"Avenida Celso Garcia, Brás, São Paulo",Avenida Celso Garcia, Brás, São Paulo,-23.5400107,-46.6114742
952,"Rua José Kauer, Belém, São Paulo",Rua José Kauer, Belém, São Paulo,-23.5370335,-46.6030815
953,"Rua da Alfandega, Brás, São Paulo",Rua da Alfândega, Brás, São Paulo,-23.5425003,-46.624005
954,"Rua Coronel Antônio Marcelo, Belem, São Paulo",Rua Coronel Antônio Marcelo, Belém, São Paulo,-23.5428484,-46.6057121
955,"Rua Maria Marcolina, Brás, São Paulo",Rua Maria Marcolina, Brás, São Paulo,-23.5346819,-46.6172513
956,"Rua Coronel Francisco Amaro, Brás, São Paulo",Rua Domingos Paiva, Brás, São Paulo,-23.5414472,-46.619498
957,"Rua Sampson, Brás, São Paulo",Rua Sampson, Brás, São Paulo,-23.5372648,-46.6112388
959,"Rua João Boemer, Pari, São Paulo",Rua João Boemer, Pari, São Paulo,-23.530222,-46.6143931
960,"Rua Leonardo Mota, Butantã, São Paulo",Rua Leonardo Mota, Butantã, São Paulo,-23.5696115,-46.7273379
962,"Rua Alvarenga, Butantã, São Paulo",Rua Alvarenga, Butantã, São Paulo,-23.5733057,-46.7111567
964,"Rua Álvaro Nunes, Campo Belo, São Paulo",Rua Álvaro Nunes, Campo Belo, São Paulo,-23.6225026,-46.6648204
965,"Rua Gabriele D'annunzio, Brooklin, São Paulo",Rua Gabrielle D'Annunzio, Campo Belo, São Paulo,-23.6189391,-46.680991
967,"Rua Princesa Isabel, Brooklin, São Paulo",Rua Princesa Isabel, Campo Belo, São Paulo,-23.6202532,-46.6806009
969,"Rua Zacarias de Gois, Campo Belo, São Paulo",Rua Zacarias de Góis, Campo Belo, São Paulo,-23.6175358,-46.6662305
970,"Avenida Vereador José Diniz, Brooklin, São Paulo",Avenida Vereador José Diniz, Santo Amaro, São Paulo,-23.6336509,-46.6906188
971,"Rua Flórida, Brooklin, São Paulo","Rua Flórida, Brooklin, São Paulo",Error,Error,-999,-999
972,"Rua Antônio de Macedo Soares, Campo Belo, São Paulo",Rua Antônio de Macedo Soares, Campo Belo, São Paulo,-23.6174715,-46.670682
973,"Avenida Cangaíba, Cangaíba, São Paulo",Avenida Cangaíba, Cangaíba, São Paulo,-23.5080227,-46.5361742
974,"Avenida Tarumã, Cangaíba, São Paulo",Avenida Tarumã, Cangaíba, São Paulo,-23.5125986,-46.5266269
975,"Rua São Florêncio, Cangaíba, São Paulo",Rua São Florêncio, Cangaíba, São Paulo,-23.5081764,-46.5314436
976,"Rua Crubixa, Cangaíba, São Paulo",Rua Crubixa, Cangaíba, São Paulo,-23.5126897,-46.5217093
978,"Rua Maracanã Guaçu, Cangaíba, São Paulo",Rua Maracanã-Guaçu, Cangaíba, São Paulo,-23.4983654,-46.5293354
981,"Rua Belarmino Siqueira, Cangaíba, São Paulo",Rua Belarmino Siqueira, Cangaíba, São Paulo,-23.5056037,-46.531747
983,"Rua Eduardo Leopoldo, Vila Guilherme, São Paulo",Rua Eduardo Leopoldo, Vila Guilherme, São Paulo,-23.5187585,-46.6108026
984,"Rua dos Bandeirantes, Bom Retiro, São Paulo","Rua dos Bandeirantes, Bom Retiro, São Paulo",Error,Error,-999,-999
987,"Avenida Santos Dumont, Bom Retiro, São Paulo",Avenida Santos Dumont, Bom Retiro, São Paulo,-23.5215709,-46.630501
989,"Avenida Interlagos, Interlagos, São Paulo",Avenida Interlagos, Socorro, São Paulo,-23.7012103,-46.7014284
990,"Rua Atílio Piffer, Casa Verde, São Paulo",Rua Atílio Piffer, Casa Verde, São Paulo,-23.5077364,-46.6593997
991,"Rua dos Americanos, Barra Funda, São Paulo",Rua dos Americanos, Santa Cecília, São Paulo,-23.5207864,-46.6555936
992,"Rua Relíquia, Casa Verde, São Paulo",Rua Relíquia, Casa Verde, São Paulo,-23.5119499,-46.6620841
994,"Rua Saguairu, Casa Verde, São Paulo",Rua Ságuairu, Casa Verde, São Paulo,-23.5117476,-46.6607277
996,"Avenida Thomas Edison, Barra Funda, São Paulo",Avenida Thomas Edison, Barra Funda, São Paulo,-23.5241664,-46.6650162
997,"Avenida Thomás Edison, Barra Funda, São Paulo",Avenida Thomas Edison, Barra Funda, São Paulo,-23.5241664,-46.6650162
998,"Rua Jaguaretê, Casa Verde, São Paulo",Rua Jaguaretê, Casa Verde, São Paulo,-23.5103482,-46.6560863
999,"Avenida Monte Celeste, Limão, São Paulo",Avenida Monte Celeste, Limão, São Paulo,-23.493239,-46.6752177
1000,"Rua Manoel Dias do Campo, Limão, São Paulo",Rua Manoel Dias do Campo, Limão, São Paulo,-23.4887129,-46.6723618
1001,"Rua Carolina Soares, Casa Verde, São Paulo",Rua Carolina Soares, Limão, São Paulo,-23.4993557,-46.6676936
1002,"Rua Epaminondas Melo do Amaral, Casa Verde, São Paulo","Rua Epaminondas Melo do Amaral, Casa Verde, São Paulo",Error,Error,-999,-999
1003,"Rua Ministro Romeiro Neto, Mandaqui, São Paulo",Rua Ministro Romeiro Neto, Mandaqui, São Paulo,-23.4820833,-46.6523306
1004,"Rua José Soriano de Sousa, Vila Santista, São Paulo","Rua José Soriano de Sousa, Vila Santista, São Paulo",Error,Error,-999,-999
1010,"Rua Potenji, Chácara Inglesa, São Paulo",Rua Potenji, Saúde, São Paulo,-23.6054946,-46.6335389
1011,"Rua João Teixeira da Silva, Jardim Anália Franco, São Paulo",Rua João Teixeira da Silva, Água Rasa, São Paulo,-23.5664421,-46.562877
1012,"Rua Capitão Militão, Água Rasa, São Paulo",Rua Capitão Militão, Água Rasa, São Paulo,-23.5766598,-46.5603575
1013,"Rua Bacairis, Vila Formosa, São Paulo",Rua Bacairis, Vila Formosa, São Paulo,-23.5639736,-46.5587302
1017,"Rua Lefosse, Jardim Anália Franco, São Paulo",Rua Lefosse, Água Rasa, São Paulo,-23.5673121,-46.5609562
1018,"Rua Luís Correia de Melo, Santo Amaro, São Paulo",Rua Luís Correia de Melo, Santo Amaro, São Paulo,-23.6330307,-46.7154527
1020,"Rua Henri Dunant, Santo Amaro, São Paulo",Rua Henri Dunant, Santo Amaro, São Paulo,-23.6270267,-46.6999268
1023,"Rua Américo Brasiliense, Santo Amaro, São Paulo",Rua Américo Brasiliense, Santo Amaro, São Paulo,-23.627079,-46.7093792
1024,"Rua Ambrizette, Vila Andrade, São Paulo",Rua Ambrizette, Vila Andrade, São Paulo,-23.6272415,-46.7191036
1026,"Avenida Doutor Cândido Motta Filho, Cidade São Francisco , São Paulo","Avenida Doutor Cândido Motta Filho, Cidade São Francisco , São Paulo",Error,Error,-999,-999
1027,"Av. Dr. Cândido Motta Filho, 500 - Cidade São Francisco, São Paulo - Sp, Brasil, Cidade São Francisco , São Paulo","Av. Dr. Cândido Motta Filho, 500 - Cidade São Francisco, São Paulo - Sp, Brasil, Cidade São Francisco , São Paulo",Error,Error,-999,-999
1029,"Rua Professor Wlademir Pereira, Cidade São Francisco , São Paulo","Rua Professor Wlademir Pereira, Cidade São Francisco , São Paulo",Error,Error,-999,-999
1030,"Rua Miguel Sevílio, Rio Pequeno, São Paulo",Rua Miguel Sevílio, Rio Pequeno, São Paulo,-23.5646821,-46.75254
1032,"Avenida do Rio Pequeno, Rio Pequeno, São Paulo",Avenida do Rio Pequeno, Rio Pequeno, São Paulo,-23.5718063,-46.7602453
1033,"Rua Domingos Mazzeu, Jaguaré, São Paulo",Rua Domingos Mazzeu, Jaguaré, São Paulo,-23.5543076,-46.7526936
1044,"Rua Minas Gerais, Higienópolis, São Paulo",Rua Minas Gerais, Região Geográfica Intermediária de São José do Rio Preto, São Paulo,-20.2874545,-50.2459706
1046,"Rua Haddock Lobo, Consolação, São Paulo",Rua Haddock Lobo, Consolação, São Paulo,-23.5542269,-46.6576839
1048,"Rua Maria Angelica Soares Gomes, Ermelino Matarazzo, São Paulo",Rua Maria Angélica Soares Gomes, Ermelino Matarazzo, São Paulo,-23.4865576,-46.4698833
1049,"Rua Lino Petenoni, Ermelino Matarazzo, São Paulo",Rua Lino Petone, Ermelino Matarazzo, São Paulo,-23.493946,-46.4756278
1050,"Rua Abel Tavares, Ermelino Matarazzo, São Paulo",Rua Abel Tavares, Ermelino Matarazzo, São Paulo,-23.4875716,-46.4694522
1051,"Rua Frei Fidelis Mota, Vila Jacuí, São Paulo",Rua Frei Fidélis Mota, Vila Jacuí, São Paulo,-23.4931089,-46.4569397
1052,"Rua Maria Angélica Soares Gomes, Ermelino Matarazzo, São Paulo",Rua Maria Angélica Soares Gomes, Ermelino Matarazzo, São Paulo,-23.4865576,-46.4698833
1056,"Rua Aiuba, Vila Jacuí, São Paulo","Rua Aiuba, Vila Jacuí, São Paulo",Error,Error,-999,-999
1058,"Rua Dom Paulo Pedrosa, Morumbi, São Paulo",Rua Dom Paulo Pedrosa, Morumbi, São Paulo,-23.6106584,-46.7079689
1061,"Avenida Duquesa de Goiás, Morumbi, São Paulo",Avenida Duquesa de Goiás, Morumbi, São Paulo,-23.6086395,-46.7040268
1065,"Rua Bela Vista do Paraíso, Freguesia do Ó, São Paulo",Rua Ribeirão das Almas, Freguesia do Ó, São Paulo,-23.4970414,-46.6871825
1066,"Rua Mariúcha, Freguesia do Ó, São Paulo",Rua Mariucha, Freguesia do Ó, São Paulo,-23.4968066,-46.699155
1067,"Rua Antonieta Leitão 209, Freguesia do Ó, São Paulo",Rua Antonieta Leitão, Freguesia do Ó, São Paulo,-23.5026588,-46.6968985
1069,"Rua Marquês de Paranaguá, Bela Vista, São Paulo",Rua Marquês de Paranaguá, Bela Vista, São Paulo,-23.5496315,-46.6501265
1070,"Rua Sergipe, Higienópolis, São Paulo",Rua Sergipe, Consolação, São Paulo,-23.5488951,-46.6556599
1073,"Rua Oliveira Alves, Ipiranga, São Paulo",Rua Oliveira Alves, Ipiranga, São Paulo,-23.585489,-46.6038811
1074,"Praça Nami Jafet, Ipiranga, São Paulo",Praça Nami Jafet, Ipiranga, São Paulo,-23.5802132,-46.60535773061012
1075,"Rua Cipriano Barata, Ipiranga, São Paulo",Rua Cipriano Barata, Ipiranga, São Paulo,-23.5972934,-46.6043693
1076,"Rua Dois de Julho, Ipiranga, São Paulo",Rua Dois de Julho, Ipiranga, São Paulo,-23.5955575,-46.5972947
1081,"Rua Bandeira Paulista, Itaim Bibi, São Paulo",Rua Bandeira Paulista, Itaim Bibi, São Paulo,-23.5838107,-46.6758828
1082,"Rua Doutor Renato Paes de Barros, Itaim Bibi, São Paulo",Rua Doutor Renato Paes de Barros, Itaim Bibi, São Paulo,-23.5859532,-46.6730152
1083,"Rua Viradouro, Itaim Bibi, São Paulo",Rua Viradouro, Itaim Bibi, São Paulo,-23.5851442,-46.6798672
1084,"Rua Maracá, Jabaquara, São Paulo",Rua Maracá, Jabaquara, São Paulo,-23.6385264,-46.638933
1085,"Rua Ibiraja, Jabaquara, São Paulo",Rua Ibirajá, Jabaquara, São Paulo,-23.6298821,-46.6385474
1086,"Rua Jorge Duprat Figueiredo, Jabaquara, São Paulo",Rua Jorge Duprat Figueiredo, Jabaquara, São Paulo,-23.6443902,-46.6604298
1088,"Rua Tenente Mauro de Miranda, Jabaquara, São Paulo",Rua Tenente Mauro de Miranda, Jabaquara, São Paulo,-23.6368941,-46.6425543
1089,"Avenida General Valdomiro de Lima, Jabaquara, São Paulo",Avenida General Valdomiro de Lima, Jabaquara, São Paulo,-23.6399914,-46.6432138
1090,"Rua Carlos Villalva, Jabaquara, São Paulo",Rua Carlos Villalva, Jabaquara, São Paulo,-23.6330417,-46.6435547
1091,"Rua Lussanvira, Jabaquara, São Paulo",Rua Lussanvira, Jabaquara, São Paulo,-23.6418746,-46.6377045
1093,"Rua Guaratuba, Jabaquara, São Paulo",Rua Guaratuba, Jabaquara, São Paulo,-23.6323119,-46.6425711
1094,"Avenida Kenkiti Simomoto, Jaguaré, São Paulo",Avenida Kenkiti Simomoto, Jaguaré, São Paulo,-23.5524924,-46.7385391
1095,"Rua Alexandre Calame, Jaguaré, São Paulo","Rua Alexandre Calame, Jaguaré, São Paulo",Error,Error,-999,-999
1096,"Praça General Porto Carreiro, Jaguaré, São Paulo",Praça General Porto Carreiro,Praça General Porto Carreiro, Jaguaré,-23.54652135,-46.749267044376126
1097,"Avenida Marechal Mario Guedes, 2 - Jaguare, São Paulo - Sp, Brasil, Jaguaré, São Paulo",Avenida Marechal Mário Guedes, Jaguaré, São Paulo,-23.5485216,-46.7366104
1099,"Avenida Marechal Mário Guedes, Jaguaré, São Paulo",Avenida Marechal Mário Guedes, Jaguaré, São Paulo,-23.5491324,-46.7359344
1100,"Rua Caetanópolis, Jaguaré, São Paulo",Rua Caetanópolis, Jaguaré, São Paulo,-23.5447899,-46.7551323
1101,"Alameda Lorena, Jardim Paulista, São Paulo",Alameda Lorena, Jardim Paulista, São Paulo,-23.5598752,-46.6704044
1106,"Rua Peixoto Gomide, Jardim Paulista, São Paulo",Rua Peixoto Gomide, Bela Vista, São Paulo,-23.5608786,-46.6570743
1107,"Rua Cravinhos, Jardim Paulista, São Paulo",Rua Cravinhos, Região Geográfica Intermediária de Ribeirão Preto, São Paulo,-21.181571,-47.7905879
1109,"Rua Butiá, Jardim Anália Franco, São Paulo",Rua Butiá, Água Rasa, São Paulo,-23.5593944,-46.57059
1112,"Rua Pantojo, Jardim Anália Franco, São Paulo",Rua Pantojo, Água Rasa, São Paulo,-23.5593944,-46.57059
1115,"Rua Reboujo, Vila Carrão, São Paulo",Rua Reboujo, Carrão, São Paulo,-23.5521766,-46.551858
1116,"Rua Refinaria Mataripe, Aricanduva, São Paulo",Rua Refinaria Mataripe, Aricanduva, São Paulo,-23.5706302,-46.5119666
1117,"Rua Engenheiro Guilherme Cristiano Frender, Aricanduva, São Paulo",Rua Engenheiro Guilherme Cristiano Frender, Aricanduva, São Paulo,-23.5665461,-46.5130933
1118,"Rua Rêgo Barros, Aricanduva, São Paulo",Rua Rêgo Barros, Aricanduva, São Paulo,-23.5644823,-46.5174867
1122,"Avenida Inconfidência Mineira, Aricanduva, São Paulo",Avenida Inconfidência Mineira, Aricanduva, São Paulo,-23.5800114,-46.5180304
1123,"Rua Rego Barros, Aricanduva, São Paulo",Rua Rêgo Barros, Aricanduva, São Paulo,-23.5644823,-46.5174867
1124,"Rua Alora, Cidade Lider, São Paulo",Rua Alora, Cidade Líder, São Paulo,-23.5580624,-46.5122578
1126,"Rua das Giestas, Vila Prudente, São Paulo",Rua das Giestas, Vila Prudente, São Paulo,-23.5960782,-46.569888
1128,"Rua Cavour, Vila Prudente, São Paulo",Rua Cavour, Vila Prudente, São Paulo,-23.5838161,-46.5820054
1129,"Rua General Bagnuolo, Vila Prudente, São Paulo",Rua General Bagnuolo, Vila Prudente, São Paulo,-23.592792,-46.5801148
1132,"Avenida Professor Luiz Ignácio Anhaia Mello, Vila Prudente, São Paulo",Avenida Professor Luiz Ignácio Anhaia Mello, Vila Prudente, São Paulo,-23.5827759,-46.5725128
1133,"Avenida Mendes da Rocha, Jardim Brasil , São Paulo",Avenida Mendes da Rocha, Vila Medeiros, São Paulo,-23.4750011,-46.5749502
1134,"Rua Itamonte, Vila Sabrina , São Paulo",Rua Itamonte, Vila Medeiros, São Paulo,-23.492888,-46.5824679
1135,"Av. Júlio Buono, Jardim Brasil , São Paulo",Avenida Júlio Buono, Vila Medeiros, São Paulo,-23.4745379,-46.5774613
1136,"Rua Águas Formosas, Jardim Brasil , São Paulo",Rua Águas Formosas, Itaquaquecetuba, São Paulo,-23.4333699,-46.2966897
1137,"Avenida Jardim Japão, Jardim Brasil , São Paulo",Avenida Jardim Japão, Tucuruvi, São Paulo,-23.4774616,-46.584332
1138,"Rua Antônio Palmieri, Vila Medeiros, São Paulo",Rua Antônio Palmieri, Vila Medeiros, São Paulo,-23.484579,-46.5807009
1140,"Avenida Ramiz Galvão, Jardim Brasil , São Paulo",Avenida Ramiz Galvão, Vila Medeiros, São Paulo,-23.482807,-46.5776904
1142,"Rua Urussuí, Itaim Bibi, São Paulo",Rua Urussuí, Itaim Bibi, São Paulo,-23.5843221,-46.6768963
1144,"Rua Jesuíno Arruda, Itaim Bibi, São Paulo",Rua Jesuíno Arruda, Itaim Bibi, São Paulo,-23.5830742,-46.6783361
1147,"Rua Bianchi Bertoldi, Pinheiros, São Paulo",Rua Bianchi Bertoldi, Pinheiros, São Paulo,-23.568917,-46.6909514
1149,"Rua Professor Carlos de Carvalho, Itaim Bibi, São Paulo",Rua Professor Carlos de Carvalho, Itaim Bibi, São Paulo,-23.5842489,-46.6799774
1151,"Rua Celso Vieira, Pirituba São Paulo",Rua Celso Vieira, Pirituba, São Paulo,-23.4931303,-46.7181071
1152,"Av Paula Ferreira, Piqueri, São Paulo",Avenida Paula Ferreira, Pirituba, São Paulo,-23.4943321,-46.714456
1154,"Avenida Cristo Rei, Piqueri, São Paulo","Avenida Cristo Rei, Piqueri, São Paulo",Error,Error,-999,-999
1156,"Rua Rio Verde, Freguesia do Ó, São Paulo",Rua Rio Verde, Freguesia do Ó, São Paulo,-23.4848447,-46.7012972
1157,"Avenida Cônego José Salomon, Piqueri, São Paulo",Avenida Cônego José Salomon, Pirituba, São Paulo,-23.4960352,-46.7175448
1158,"Rua Joaquim Moreira Dias, Vila Prudente, São Paulo",Rua Joaquim Moreira Dias, Vila Prudente, São Paulo,-23.5941587,-46.5643125
1159,"Rua Tripui, Vila Prudente, São Paulo","Rua Tripui, Vila Prudente, São Paulo",Error,Error,-999,-999
1161,"Rua Secundino Domingues, São Lucas, São Paulo",Rua Secundino Domingues, São Lucas, São Paulo,-23.5926087,-46.5560942
1163,"Rua Maria Helena, Piqueri, São Paulo",Rua Maria Helena, Pirituba, São Paulo,-23.5025421,-46.7101947
1169,"Rua Doutor Luiz Migliano, Vila Andrade, São Paulo",Rua Doutor Luiz Migliano, Vila Andrade, São Paulo,-23.6184923,-46.743104
1170,"Rua David Ben Gurion, Vila Sônia, São Paulo",Rua David Ben Gurion, Vila Sônia, São Paulo,-23.6114131,-46.7342286
1171,"Rua João Santucci, Vila Sonia, São Paulo",Rua João Santucci, Taboão da Serra, São Paulo,-23.6046808,-46.7501704
1174,"Rua José Alves de Almeida, Jardim Jussara, São Paulo",Rua José Alves de Almeida, Vila Sônia, São Paulo,-23.5983283,-46.7510558
1176,"Rua Edvard Carmilo, Jardim Jussara, São Paulo",Rua Edvard Carmilo, Vila Sônia, São Paulo,-23.5977684,-46.7534988
1177,"Rua Geraldo de Mendonça Mello, Jardim Marajoara , São Paulo",Rua Geraldo de Mendonça Mello, Campo Grande, São Paulo,-23.6714164,-46.6897814
1178,"Avenida Interlagos, Jardim Marajoara , São Paulo",Avenida Interlagos, Campo Grande, São Paulo,-23.6559878,-46.6798208
1179,"Rua Duque Costa, Jardim Marajoara , São Paulo",Rua Duque Costa, Campo Grande, São Paulo,-23.6579979,-46.690558
1180,"Avenida Washington Luís, Jardim Marajoara , São Paulo",Avenida Washington Luis, Campo Grande, São Paulo,-23.6530676,-46.6805604
1181,"Avenida Sargento Geraldo Sant'ana, Jardim Marajoara , São Paulo",Avenida Sargento Geraldo Santana, Campo Grande, São Paulo,-23.6638318,-46.6808517
1183,"Rua Professor Djalma Bento, Jardim Marajoara , São Paulo",Rua Professor Djalma Bento, Campo Grande, São Paulo,-23.6662747,-46.6807859
1186,"Avenida Doutor Guilherme Dumont Vilares, Vila Sonia, São Paulo",Avenida Doutor Guilherme Dumont Vilares, Vila Sônia, São Paulo,-23.6156711,-46.7407641
1191,"Rua Doutor Sílvio Dante Bertacchi, Vila Sônia, São Paulo","Rua Doutor Sílvio Dante Bertacchi, Vila Sônia, São Paulo",Error,Error,-999,-999
1192,"Rua Doutor Martins de Oliveira, Vila Sonia, São Paulo",Rua Doutor Martins de Oliveira, Vila Sônia, São Paulo,-23.6083402,-46.7389793
1194,"Rua Sinval de Souza Lacerda, Campo Grande, São Paulo",Rua Pedro Manuel, Campo Grande, São Paulo,-23.6848512,-46.6772386
1197,"Rua João Ferreira de Abreu, Campo Grande, São Paulo",Rua João Ferreira de Abreu, Campo Grande, São Paulo,-23.6843898,-46.6843723
1199,"Rua Zike Tuma, Campo Grande, São Paulo",Rua Zike Tuma, Campo Grande, São Paulo,-23.6840712,-46.6699397
1200,"Rua Luís Bueno de Miranda, Campo Grande, São Paulo",Rua Luis Bueno de Miranda, Campo Grande, São Paulo,-23.6905048,-46.6758967
1201,"Rua Savério Mercadante, Campo Grande, São Paulo",Rua Savério Mercadante, Campo Grande, São Paulo,-23.6834736,-46.6734244
1207,"Rua Ouro Branco, Jardim Paulista, São Paulo",Rua Ouro Branco, Jardim Paulista, São Paulo,-23.5718264,-46.6627139
1209,"Rua Sebastião Gil, Pinheiros, São Paulo",Rua Sebastião Gil, Pinheiros, São Paulo,-23.5669893,-46.6919609
1211,"Avenida Pedroso de Morais, Pinheiros, São Paulo",Avenida Pedroso de Morais, Pinheiros, São Paulo,-23.5599147,-46.695482
1213,"Avenida São Gabriel, Itaim Bibi, São Paulo",Avenida São Gabriel, Itaim Bibi, São Paulo,-23.5809795,-46.6706457
1214,"Rua dos Cariris, Pinheiros, São Paulo",Rua dos Cariris, Pinheiros, São Paulo,-23.56991785,-46.69405710262213
1215,"Rua Comendador César Alfieri, Freguesia do Ó, São Paulo",Rua Comendador César Alfieri, Freguesia do Ó, São Paulo,-23.4810218,-46.6889972
1216,"Antônio Ribeiro de Morais, Limão, São Paulo",Antônio Ribeiro de Morais, Limão, São Paulo,-23.4909727,-46.684763
1217,"Rua Comendador Cesar Alfieri, Freguesia do Ó, São Paulo",Rua Comendador César Alfieri, Freguesia do Ó, São Paulo,-23.4810218,-46.6889972
1219,"Rua Padre Jerônimo Vermin, Sacomã, São Paulo","Rua Padre Jerônimo Vermin, Sacomã, São Paulo",Error,Error,-999,-999
1220,"Avenida Professor Sylla Mattos, Sacoma, São Paulo",Avenida Professor Sylla Mattos, Sacomã, São Paulo,-23.6417671,-46.6014978
1221,"Rua General Leite de Castro, Sacoma, São Paulo",Rua General Leite de Castro, Sacomã, São Paulo,-23.6403082,-46.5949315
1222,"Rua Professor Arnaldo João Semeraro, Sacoma, São Paulo",Rua Professor Arnaldo João Semeraro, Sacomã, São Paulo,-23.6523166,-46.6017574
1224,"Rua Manoel Salgado, sacoma, São Paulo",Rua Manoel Salgado, Sacomã, São Paulo,-23.6417636,-46.6015689
1226,"Rua José Fernandes Caldas, Sacoma, São Paulo",Rua José Fernandes Caldas, Sacomã, São Paulo,-23.6489422,-46.6012207
1228,"Estrada do Campo Limpo, Jardim Nadir, São Paulo","Estrada do Campo Limpo, Jardim Nadir, São Paulo",Error,Error,-999,-999
1229,"Alameda Mauro Zenant, Jardim Kuabara, Taboão da Serra","Alameda Mauro Zenant, Jardim Kuabara, Taboão da Serra",Error,Error,-999,-999
1230,"Rua Anatole de Baudot, Vila Sonia, São Paulo",Rua Anatole de Baudot, Vila Sônia, São Paulo,-23.6168883,-46.73897
1231,"Rua Professor José Horácio Meirelles Teixeira, Vila Sonia, São Paulo",Rua Professor José Horácio Meirelles Teixeira, Vila Sônia, São Paulo,-23.6130316,-46.7413929
1232,"Rua João Baldinato, Vila Sonia, São Paulo",Rua João Baldinato, Vila Sônia, São Paulo,-23.6129794,-46.738315
1233,"Rua Doutor José de Andrade Figueira, Vila Sonia, São Paulo",Rua Doutor José de Andrade Figueira, Vila Sônia, São Paulo,-23.6173386,-46.742422
1235,"Estrada do Campo Limpo, Vila Sonia, São Paulo","Estrada do Campo Limpo, Vila Sonia, São Paulo",Error,Error,-999,-999
1236,"Rua Inácio Manuel Álvares, Rio Pequeno, São Paulo",Rua Inácio Manuel Álvares, Rio Pequeno, São Paulo,-23.5815214,-46.7675761
1237,"Avenida Otacílio Tomanik, Butantã, São Paulo",Avenida Otacílio Tomanik, Rio Pequeno, São Paulo,-23.5754755,-46.745682
1239," R. Dr. João Vieira Neves, Butantã, São Paulo"," R. Dr. João Vieira Neves, Butantã, São Paulo",Error,Error,-999,-999
1240,"Rua Francisco Valente, Rio Pequeno, São Paulo",Rua Francisco Valente, Rio Pequeno, São Paulo,-23.5804592,-46.7620404
1242,"Rua Antônio de Bonis, Rio Pequeno, São Paulo",Rua Antônio de Bonis, Rio Pequeno, São Paulo,-23.569494,-46.7471553
1243,"Rua Uberlândia, Butantã, São Paulo","Rua Uberlândia, Butantã, São Paulo",Error,Error,-999,-999
1244,"Avenida Marechal Fiúza de Castro, Butantã, São Paulo",Avenida Marechal Fiuza de Castro, Butantã, São Paulo,-23.5849211,-46.7461262
1246,"Avenida Engenheiro Alberto de Zagottis, São Paulo",Avenida Engenheiro Alberto de Zagottis, Campo Grande, São Paulo,-23.6634584,-46.6922937
1247,"Avenida do Rio Bonito, Interlagos, São Paulo",Avenida do Rio Bonito, Socorro, São Paulo,-23.6924267,-46.7015589
1248,"Rua Manuel Figueiredo Landim, Campo Grande, São Paulo",Rua Manuel Figueiredo Landim, Campo Grande, São Paulo,-23.678628,-46.6897424
1249,"Avenida Engenheiro Eusébio Stevaux, Jardim Marajoara , São Paulo",Avenida Engenheiro Eusébio Stevaux, Campo Grande, São Paulo,-23.6620664,-46.7060411
1251,"Rua Professor Campos de Oliveira, Jardim Marajoara , São Paulo",Rua Professor Campos de Oliveira, Campo Grande, São Paulo,-23.669796,-46.6966948
1256,"Rua Fortunato Ferraz, Lapa, São Paulo",Rua Fortunato Ferraz, Lapa, São Paulo,-23.5153792,-46.7242448
1259,"Rua Tonelero, Vila Romana, São Paulo",Rua Tonelero, Lapa, São Paulo,-23.535578,-46.7048224
1260,"Rua Belmonte, Vila Leopoldina, São Paulo",Rua Belmonte, Vila Leopoldina, São Paulo,-23.5198588,-46.7232102
1262,"Rua Domingos Rodrigues, Lapa, São Paulo",Rua Domingos Rodrigues, Lapa, São Paulo,-23.5218914,-46.7074774
1264,"Rua Martinho de Campos, Lapa, São Paulo",Rua Martinho de Campos, Lapa, São Paulo,-23.5158687,-46.7207151
1266,"Avenida Guacá, Mandaqui, São Paulo",Avenida do Guacá, Mandaqui, São Paulo,-23.4801873,-46.6382072
1267,"Rua Maria José Pomar, Mandaqui, São Paulo",Rua Maria José Pomar, Mandaqui, São Paulo,-23.479468,-46.6371405
1268,"Rua Raul Dias, Mandaqui, São Paulo",Rua Raul Dias, Mandaqui, São Paulo,-23.4744949,-46.632121
1269,"Avenida Nova Cantareira, Água Fria, São Paulo",Avenida Nova Cantareira, Santana, São Paulo,-23.4881174,-46.6229687
1270,"Rua Francisco Augusto, 55 - Mandaqui, São Paulo - Sp, Brasil, Mandaqui, São Paulo",Rua Francisco Augusto, Mandaqui, São Paulo,-23.4755931,-46.6213862
1271,"Rua Ismael Néri, Água Fria, São Paulo",Rua Ismael Neri, Santana, São Paulo,-23.4822246,-46.6188446
1272,"Rua Aureliano Leal - Santana, São Paulo - Sp, Brasil, Água Fria, São Paulo",Rua Aureliano Leal, Santana, São Paulo,-23.4824485,-46.6221104
1273,"Rua Joaquim Norberto, Santana, São Paulo",Rua Joaquim Norberto, Santana, São Paulo,-23.4878837,-46.6162005
1274,"Rubiácea, Santana, São Paulo",Rua Rubiácea, Santana, São Paulo,-23.4843943,-46.6163027
1275,"Rua Casa do Ator, Vila Olímpia, São Paulo",Rua Casa do Ator, Itaim Bibi, São Paulo,-23.5975647,-46.6818027
1276,"Rua Araguari, Moema, São Paulo",Rua Araguari, Moema, São Paulo,-23.6014171,-46.6730241
1278,"Rua Inhambú, Moema, São Paulo",Rua Inhambú, Moema, São Paulo,-23.597275,-46.6646734
1279,"Alameda Jauaperi, Moema, São Paulo",Alameda Jauaperi, Moema, São Paulo,-23.599231,-46.661782
1280,"Rua Coronel Artur de Paula Ferreira, Moema, São Paulo",Rua Coronel Artur de Paula Ferreira, Moema, São Paulo,-23.5963663,-46.6699539
1284,"Rua Barão de Monte Santo, Mooca, São Paulo","Rua Barão de Monte Santo, Mooca, São Paulo",Error,Error,-999,-999
1285,"Rua Alexandre Leví, Cambuci, São Paulo",Rua Alexandre Levi, Cambuci, São Paulo,-23.557364,-46.6199972
1287,"Avenida Padre Lebret, Morumbi, São Paulo",Avenida Padre Lebret, Morumbi, São Paulo,-23.6018283,-46.7135114
1291,"Rua Antônio Júlio dos Santos, Morumbi, São Paulo",Rua Antônio Júlio dos Santos, Vila Sônia, São Paulo,-23.6088623,-46.7244127
1297,"Rua Alcantarilla, 350, Panamby, São Paulo",Rua Alcantarilla, Vila Andrade, São Paulo,-23.6347977,-46.7321659
1298,"Rua Antonio Aggio, Vila Andrade, São Paulo",Rua Antônio Aggio, Vila Andrade, São Paulo,-23.6274375,-46.7308459
1299,"Rua Marie Nader Calfat, Vila Andrade, São Paulo",Rua Marie Nader Calfat, Vila Andrade, São Paulo,-23.6276937,-46.7297786
1300,"Rua Charles Spencer Chaplin, Vila Andrade, São Paulo",Rua Charles Spencer Chaplin, Vila Andrade, São Paulo,-23.6229548,-46.7378993
1301,"Rua Fábio Lopes dos Santos Luz, São Paulo",Rua Fábio Lopes dos Santos Luz, Vila Andrade, São Paulo,-23.6321906,-46.7305345
1302,"Avenida Giovanni Gronchi, Vila Andrade, São Paulo",Avenida Giovanni Gronchi, Vila Andrade, São Paulo,-23.6400789,-46.7367307
1305,"Rua Manoel da Nóbrega, Paraíso, São Paulo",Rua Manoel da Nóbrega, Vila Mariana, São Paulo,-23.5685821,-46.649101
1308,"Rua José Antônio Coelho, Vila Mariana, São Paulo",Rua José Antônio Coelho, Vila Mariana, São Paulo,-23.5814579,-46.6494594
1309,"Rua Afonso de Freitas, Paraíso, São Paulo",Rua Afonso de Freitas, Vila Mariana, São Paulo,-23.5743375,-46.642219
1310,"Rua Soldado Sebastião Garcia, Parque Novo Mundo , São Paulo",Rua Soldado Sebastião Garcia, Vila Maria, São Paulo,-23.519494,-46.5696046
1311,"Estrada Velha da Penha, Tatuapé, São Paulo",Estrada Velha da Penha, Tatuapé, São Paulo,-23.528214,-46.557597
1312,"Rua Manguari, Vila Maria, São Paulo",Rua Manguari, Vila Maria, São Paulo,-23.5241575,-46.5812038
1313,"Rua Eli, Vila Maria , São Paulo",Rua Eli, Vila Maria, São Paulo,-23.5249863,-46.5920916
1314,"Rua Arnaldo Cintra, Tatuapé, São Paulo",Rua Arnaldo Cintra, Tatuapé, São Paulo,-23.5257592,-46.5622413
1316,"Rua Caetano de Campos, Tatuapé, São Paulo",Rua Caetano de Campos, Tatuapé, São Paulo,-23.5277811,-46.5598558
1317,"Avenida Escola Politécnica, Parque dos Príncipes, São Paulo",Avenida Escola Politécnica, Rio Pequeno, São Paulo,-23.5818498,-46.7713155
1318,"Rua Manuel Martins Collaço, Rio Pequeno, São Paulo",Rua Manuel Martins Collaço, Rio Pequeno, São Paulo,-23.5713883,-46.7773688
1319,"Rua Milton Vieira, Parque dos Príncipes, São Paulo",Rua Milton Vieira, Rio Pequeno, São Paulo,-23.5652171,-46.7698933
1321,"Rua Milton Viêira, Parque dos Príncipes, São Paulo",Rua Milton Vieira, Rio Pequeno, São Paulo,-23.5652171,-46.7698933
1322,"Rua Comendador Cantinho, Penha de França, São Paulo",Rua Comendador Cantinho, Penha, São Paulo,-23.5241114,-46.5484478
1323,"Rua Cirino de Abreu, Penha de França, São Paulo",Rua Cirino de Abreu, Penha, São Paulo,-23.5314847,-46.5489608
1324,"Avenida Doutor Orêncio Vidigal, Penha de França, São Paulo",Avenida Doutor Orêncio Vidigal, Penha, São Paulo,-23.5312583,-46.5397535
1325,"Rua Retiro, Tatuapé, São Paulo",Rua Retiro, Tatuapé, São Paulo,-23.5304826,-46.5559683
1329,"Rua Desembargador Guimarães, Perdizes, São Paulo",Rua Desembargador Guimarães, Barra Funda, São Paulo,-23.5306771,-46.6746566
1330,"Rua Cardoso de Almeida, Perdizes, São Paulo",Rua Cardoso de Almeida, Barra Funda, São Paulo,-23.5328383,-46.6644696
1332,"Rua Caiubi, Perdizes, São Paulo",Rua Caiubi, Perdizes, São Paulo,-23.5384558,-46.6747051
1333,"Rua Caiubí, Perdizes, São Paulo",Rua Caiubi, Perdizes, São Paulo,-23.5384558,-46.6747051
1335,"Rua Ciro Costa, Perdizes, São Paulo",Rua Ciro Costa, Perdizes, São Paulo,-23.5312713,-46.6747294
1336,"Rua das Camélias, mirandopolis, São Paulo",Rua das Camélias, Saúde, São Paulo,-23.6042734,-46.6400473
1337,"Rua Luís Góis, Vila Clementino, São Paulo",Rua Luis Góis, Saúde, São Paulo,-23.6039905,-46.6428543
1338,"Avenida Moema, Moema, São Paulo",Avenida Moema, Moema, São Paulo,-23.6046646,-46.6584596
1339,"Rua Professor Sousa Barros, Saude, São Paulo",Rua Professor Sousa Barros, Saúde, São Paulo,-23.6287844,-46.6431908
1341,"Rua Mauro, Saúde, São Paulo",Rua Mauro, Saúde, São Paulo,-23.6206503,-46.6415211
1342,"Rua Luís Góis, Saude, São Paulo",Rua Luis Góis, Saúde, São Paulo,-23.6040922,-46.6312967
1345,"Rua Domingos Lopes da Silva, Vila Andrade, São Paulo",Rua Domingos Lopes da Silva, Vila Sônia, São Paulo,-23.6180782,-46.7376732
1346,"Rua Doutor José Carlos de Toledo Piza, Vila Andrade, São Paulo",Rua Doutor José Carlos de Toledo Piza, Vila Andrade, São Paulo,-23.6213877,-46.7312046
1348,"Rua São Paulo Antigo, Morumbi, São Paulo",Rua São Paulo Antigo, Morumbi, São Paulo,-23.6052431,-46.7053028
